;0
0;25511,82
1;32675,24
2;138744,1
3;47630,45
4;80601,5
5;14075,49
6;29282,04
7;133465,79
8;3393,2
9;12567,4
10;31795,52
11;94751,91
12;61077,56
13;125674,0
14;11649,98
15;16211,95
16;628370,0
17;421887,62
18;40379,06
19;85458,32
20;42226,46
21;289427,22
22;43985,9
23;26140,19
24;99031,11
25;317703,87
26;14578,18
27;23940,9
28;22772,13
29;34531,19
30;15206,55
31;178205,73
32;69874,74
33;61551,17
34;19228,12
35;142137,29
36;17343,01
37;294617,56
38;126264,67
39;382941,25
40;119754,75
41;87971,8
42;190521,78
43;10330,4
44;73217,67
45;21615,93
46;81311,08
47;115368,73
48;68869,35
49;502696,0
50;77413,93
51;165335,46
52;49427,58
53;5491,95
54;12693,07
55;125674,0
56;61831,61
57;89605,56
58;43860,23
59;43234,09
60;15206,55
61;9802,57
62;37576,53
63;60072,17
64;16337,62
65;212137,71
66;41913,89
67;27145,58
68;57810,04
69;125674,0
70;30790,13
71;83509,83
72;53406,1
73;8758,47
74;397129,84
75;76786,81
76;106779,38
77;75907,1
78;96894,65
79;2764,83
80;9425,55
81;19856,49
82;37325,18
83;403413,54
84;125674,0
85;58061,39
86;7226,26
87;79551,64
88;113609,3
89;2387,81
90;10053,92
91;46500,64
92;46750,73
93;42352,14
94;23878,06
95;27773,95
96;20359,19
97;66217,63
98;10807,96
99;368224,82
100;435584,83
101;225836,18
102;490882,64
103;502696,0
104;84629,5
105;117756,54
106;72262,55
107;502696,0
108;53034,43
109;33554,96
110;188882,3
111;21364,58
112;11717,22
113;7791,79
114;5152,63
115;19102,45
116;57558,69
117;11184,99
118;31520,77
119;21364,58
120;879,72
121;63968,07
122;31669,85
123;154704,69
124;95386,57
125;30601,62
126;57810,04
127;194794,7
128;32549,57
129;125674,0
130;11599,58
131;62547,95
132;122909,17
133;99282,46
134;30237,16
135;97774,37
136;13824,14
137;8043,14
138;52531,73
139;22621,32
140;170790,97
141;38468,53
142;21113,23
143;18851,1
144;95637,91
145;50269,6
146;15480,77
147;445314,11
148;122657,82
149;18222,73
150;19479,47
151;28905,02
152;105817,51
153;34560,35
154;179952,6
155;63311,42
156;63339,7
157;34874,54
158;100539,2
159;61454,59
160;240414,36
161;239876,48
162;64973,46
163;48761,51
164;4901,29
165;125674,0
166;222065,96
167;192029,87
168;102795,05
169;62711,33
170;38958,94
171;33121,99
172;452426,4
173;62661,06
174;125674,0
175;93598,68
176;52970,12
177;66607,22
178;13824,14
179;130631,84
180;233376,62
181;61930,59
182;11939,03
183;233301,21
184;11373,5
185;29860,14
186;273466,62
187;125674,0
188;29533,39
189;26265,87
190;50646,62
191;125674,0
192;33052,26
193;26079,87
194;10820,53
195;54291,17
196;49012,86
197;35565,74
198;23249,69
199;28345,77
200;57558,69
201;68890,82
202;27391,18
203;314826,57
204;104937,79
205;43594,97
206;110639,41
207;6974,91
208;33554,96
209;125674,0
210;83698,88
211;125674,0
212;95512,24
213;47379,1
214;97271,68
215;67235,59
216;25197,64
217;25197,64
218;134345,51
219;94758,2
220;49012,86
221;27522,61
222;5969,52
223;68240,98
224;22872,67
225;27522,61
226;9111,37
227;36948,16
228;11562,01
229;18976,77
230;45116,97
231;12441,73
232;127936,13
233;31041,48
234;12693,07
235;202460,81
236;274918,16
237;308906,69
238;41158,24
239;53662,8
240;65727,5
241;365962,69
242;19353,8
243;44614,27
244;148911,12
245;5341,15
246;15293,27
247;48887,19
248;111158,65
249;88223,15
250;52657,41
251;116876,82
252;59946,5
253;55045,21
254;438099,56
255;502696,0
256;142514,32
257;49294,37
258;100870,4
259;65853,18
260;112352,56
261;79048,95
262;44111,57
263;9802,57
264;85458,32
265;45016,43
266;90698,93
267;18112,14
268;9901,1
269;39964,33
270;34937,37
271;125674,0
272;402031,13
273;125674,0
274;14341,92
275;125674,0
276;33258,77
277;201329,75
278;12190,38
279;54159,21
280;314,19
281;81637,83
282;87971,8
283;50395,27
284;76284,12
285;169157,2
286;367294,83
287;139630,73
288;139630,73
289;200324,36
290;18851,1
291;19102,45
292;80431,36
293;45493,99
294;27522,61
295;15080,88
296;188511,0
297;319086,29
298;32549,57
299;14578,18
300;5026,96
301;146033,19
302;23878,06
303;502696,0
304;59569,48
305;13509,96
306;13447,12
307;91390,13
308;9676,9
309;178959,78
310;185871,85
311;40467,03
312;122532,15
313;37450,85
314;36948,16
315;24129,41
316;30664,46
317;147918,3
318;18474,08
319;79693,89
320;14075,49
321;11939,03
322;218760,73
323;157218,17
324;48133,14
325;65224,81
326;10469,55
327;34748,86
328;21490,25
329;14201,16
330;26768,56
331;58187,06
332;89737,8
333;39587,31
334;28658,69
335;43885,36
336;39335,96
337;72938,16
338;15080,88
339;22621,32
340;12146,39
341;15583,58
342;72262,55
343;20107,84
344;48888,29
345;70000,42
346;87846,13
347;54542,52
348;51903,36
349;107576,94
350;26454,38
351;51777,69
352;125674,0
353;62393,95
354;53034,43
355;17217,34
356;146912,91
357;44237,25
358;44488,6
359;29784,74
360;44362,92
361;232465,27
362;17424,7
363;42226,46
364;100559,31
365;58249,9
366;103304,03
367;125674,0
368;158851,94
369;140588,99
370;15834,92
371;73936,05
372;39335,96
373;125674,0
374;125674,0
375;502696,0
376;25763,17
377;166769,4
378;59569,48
379;43923,06
380;11939,03
381;37199,5
382;42226,46
383;112101,21
384;12693,07
385;27522,61
386;25260,47
387;165356,82
388;25134,8
389;16965,99
390;66732,89
391;46499,38
392;66607,22
393;105817,51
394;91616,35
395;23865,49
396;110844,47
397;88600,17
398;157092,5
399;72237,42
400;79802,99
401;241545,43
402;42729,16
403;36068,44
404;52743,78
405;92998,76
406;12944,42
407;35314,39
408;228868,8
409;347362,94
410;405950,26
411;31418,5
412;54668,19
413;502696,0
414;163376,2
415;17946,25
416;29533,39
417;141131,9
418;46273,17
419;115863,89
420;45116,97
421;58061,39
422;125674,0
423;228322,24
424;12064,7
425;39109,75
426;83447,54
427;36354,6
428;114823,87
429;37953,55
430;21867,28
431;502696,0
432;145202,14
433;22178,39
434;29533,39
435;502696,0
436;254238,5
437;99785,16
438;45996,68
439;17217,34
440;36194,11
441;22369,97
442;29910,41
443;118825,27
444;84201,58
445;75404,4
446;66732,89
447;24280,22
448;80544,47
449;61957,28
450;26768,56
451;108961,49
452;38204,9
453;502696,0
454;26265,87
455;37199,5
456;71131,48
457;5403,98
458;176361,87
459;53914,15
460;30036,09
461;61705,93
462;68115,31
463;49138,53
464;117756,54
465;33429,28
466;29659,06
467;596951,5
468;596951,5
469;502696,0
470;41472,42
471;233558,85
472;18222,73
473;69948,65
474;226590,22
475;87469,1
476;502696,0
477;22219,05
478;49892,58
479;19102,45
480;89354,21
481;90485,28
482;8483,0
483;42980,51
484;288547,5
485;86589,39
486;38079,22
487;19730,82
488;105691,83
489;125674,0
490;132309,59
491;56704,11
492;295710,92
493;37702,2
494;445059,89
495;57636,11
496;13824,14
497;12591,28
498;24757,78
499;51878,23
500;294956,88
501;38456,24
502;374508,52
503;18725,43
504;51532,99
505;40969,72
506;116876,82
507;72262,55
508;78797,6
509;125674,0
510;77792,21
511;27396,93
512;120647,04
513;24081,44
514;28707,32
515;179172,17
516;50720,77
517;26181,66
518;125674,0
519;115934,27
520;31418,5
521;45237,61
522;52531,73
523;141257,58
524;43985,9
525;103128,08
526;47253,42
527;150808,8
528;12043,75
529;21364,58
530;44290,13
531;12456,81
532;63968,07
533;175817,93
534;157896,81
535;17544,09
536;236895,49
537;41598,09
538;49264,21
539;82567,82
540;87846,13
541;27334,1
542;16714,64
543;39210,29
544;98402,74
545;37953,55
546;81185,4
547;11184,99
548;125674,0
549;181473,26
550;285908,35
551;84586,14
552;32172,54
553;55799,26
554;153070,93
555;53788,47
556;12190,38
557;195046,05
558;502696,0
559;103555,38
560;50269,6
561;74273,33
562;27447,2
563;39974,39
564;252604,74
565;10179,59
566;69214,04
567;27899,63
568;11562,01
569;87343,43
570;73142,27
571;90011,65
572;43659,15
573;125674,0
574;39176,36
575;15080,88
576;41723,77
577;29282,04
578;628,37
579;101670,27
580;140754,88
581;57684,37
582;62837,0
583;182855,67
584;112729,58
585;54291,17
586;43357,53
587;40467,03
588;52700,14
589;502696,0
590;502696,0
591;502696,0
592;69072,94
593;61580,26
594;70503,11
595;56553,3
596;50269,6
597;81618,94
598;46373,71
599;304656,79
600;56930,32
601;10682,29
602;196679,81
603;325955,63
604;68853,98
605;64923,19
606;26768,56
607;153322,28
608;171042,31
609;30724,78
610;36068,44
611;68671,67
612;48824,35
613;56553,3
614;11310,66
615;173430,12
616;314,19
617;86752,76
618;28905,02
619;150808,8
620;25763,17
621;31795,52
622;27648,28
623;6032,35
624;78923,27
625;118133,56
626;11373,5
627;198439,25
628;17594,36
629;17091,66
630;17217,34
631;76284,12
632;72980,15
633;9425,55
634;95763,59
635;20987,56
636;137553,89
637;349122,37
638;502696,0
639;255746,59
640;40215,68
641;13128,4
642;20610,54
643;14075,49
644;45242,64
645;125674,0
646;14955,21
647;53411,45
648;63842,39
649;94695,36
650;50018,25
651;251725,02
652;25009,13
653;53097,27
654;31418,5
655;22244,3
656;68492,33
657;121526,76
658;76912,49
659;8860,02
660;44739,94
661;79677,32
662;13949,81
663;20820,1
664;142011,62
665;35817,09
666;125674,0
667;36005,6
668;73393,62
669;102424,31
670;58815,43
671;5026,96
672;60449,19
673;247077,58
674;72266,32
675;37765,04
676;23815,22
677;20359,19
678;30915,8
679;64973,46
680;24632,1
681;12944,42
682;12316,05
683;12190,38
684;16400,46
685;380540,87
686;38456,24
687;20861,88
688;12944,42
689;74961,02
690;3330,36
691;45242,64
692;42352,14
693;11541,9
694;43231,86
695;39461,64
696;5026,96
697;56143,3
698;8168,81
699;185180,64
700;24206,04
701;1005,39
702;11564,52
703;11559,49
704;74901,7
705;502696,0
706;301743,27
707;399643,32
708;40529,87
709;54291,17
710;207594,22
711;381567,63
712;40215,68
713;23752,39
714;66230,2
715;26391,54
716;22998,34
717;215081,14
718;102801,33
719;32926,59
720;216033,61
721;54112,46
722;24003,73
723;121149,74
724;92621,74
725;39142,99
726;123411,87
727;107953,97
728;23878,06
729;88600,17
730;19468,16
731;53285,78
732;90610,95
733;119641,65
734;119641,65
735;56268,02
736;57684,37
737;26265,87
738;112729,58
739;11813,36
740;31041,48
741;16714,64
742;52513,51
743;52513,51
744;62837,0
745;42603,49
746;18411,24
747;46436,54
748;22637,31
749;21615,93
750;114991,71
751;283332,03
752;19479,96
753;12064,7
754;53788,47
755;39838,66
756;192515,63
757;20359,19
758;15395,07
759;60658,48
760;25962,56
761;19982,17
762;222442,98
763;280253,02
764;52783,08
765;17594,36
766;53662,8
767;67109,92
768;21992,95
769;219929,5
770;214651,19
771;74901,7
772;98214,23
773;225463,63
774;125674,0
775;110404,61
776;144525,1
777;15080,88
778;39084,61
779;16840,32
780;11059,31
781;18104,23
782;10682,29
783;33931,98
784;41723,77
785;80808,38
786;30497,31
787;37325,18
788;28402,32
789;38154,63
790;106068,86
791;97523,02
792;153699,3
793;80180,01
794;18976,77
795;25134,8
796;62334,3
797;121401,08
798;52280,38
799;97316,84
800;71241,35
801;115620,08
802;125674,0
803;11626,73
804;82570,33
805;65099,13
806;502696,0
807;143959,57
808;165386,98
809;16211,95
810;13509,96
811;23283,91
812;18348,4
813;274116,08
814;185871,85
815;157922,15
816;314,19
817;285639,76
818;246572,39
819;154538,8
820;296464,97
821;87469,1
822;65978,85
823;38330,57
824;75907,1
825;18864,66
826;27145,58
827;117307,88
828;107506,57
829;75907,1
830;77163,84
831;207110,75
832;15652,04
833;33303,61
834;176948,99
835;16463,29
836;125674,0
837;50143,93
838;125674,0
839;112101,21
840;36948,16
841;22244,3
842;50583,79
843;19605,14
844;85458,32
845;257568,86
846;17845,71
847;71885,53
848;28653,67
849;125674,0
850;320468,7
851;12755,91
852;172824,22
853;100790,55
854;100413,53
855;223574,05
856;47504,77
857;13824,14
858;113232,27
859;24255,08
860;86463,71
861;84730,96
862;99590,36
863;91490,67
864;30036,09
865;36188,14
866;47253,42
867;69007,59
868;35938,29
869;23375,36
870;61580,26
871;10833,1
872;45101,7
873;38456,24
874;26014,52
875;37450,85
876;125674,0
877;55296,56
878;12567,4
879;502696,0
880;3141,85
881;12944,42
882;11436,33
883;4021,57
884;84818,64
885;22684,16
886;13197,27
887;33749,99
888;52800,67
889;154654,42
890;99659,48
891;18725,43
892;31041,48
893;41975,12
894;80934,06
895;83196,19
896;113914,68
897;32674,1
898;24883,45
899;50520,95
900;35565,74
901;38320,37
902;85222,05
903;11184,99
904;22998,34
905;17091,66
906;63088,35
907;125674,0
908;58438,41
909;40605,27
910;400284,26
911;13195,77
912;502696,0
913;30790,13
914;21716,47
915;26391,54
916;292569,07
917;44111,57
918;57558,69
919;10933,64
920;62962,67
921;188762,35
922;79425,97
923;461684,8
924;31732,69
925;172584,33
926;48554,15
927;81059,73
928;43985,9
929;50269,6
930;37702,2
931;125674,0
932;69120,7
933;67738,29
934;66759,37
935;283181,22
936;70126,09
937;25386,15
938;67361,26
939;41723,77
940;101293,24
941;42540,65
942;42540,65
943;5026,96
944;485101,64
945;144525,1
946;57648,88
947;165386,98
948;44739,94
949;62962,67
950;15583,58
951;77792,21
952;181473,26
953;39587,31
954;66940,63
955;31795,52
956;34686,02
957;125674,0
958;29894,01
959;37029,92
960;76032,77
961;46485,91
962;139060,79
963;172173,38
964;271455,84
965;37199,5
966;28905,02
967;27396,93
968;177464,26
969;175943,6
970;173053,1
971;236769,82
972;221326,99
973;187882,63
974;89102,87
975;9676,9
976;66858,57
977;83698,88
978;115557,24
979;230046,26
980;147091,36
981;32423,89
982;596951,5
983;133526,74
984;273969,32
985;50772,3
986;42428,8
987;39712,98
988;40781,21
989;31041,48
990;31429,71
991;74021,99
992;57056,0
993;46625,05
994;13195,77
995;60197,85
996;11562,01
997;157486,99
998;136356,29
999;17217,34
1000;46778,92
1001;16211,95
1002;358170,9
1003;30036,09
1004;81499,59
1005;98528,42
1006;26391,54
1007;131832,03
1008;502696,0
1009;61450,44
1010;116122,78
1011;10807,96
1012;56678,97
1013;152945,26
1014;13195,77
1015;10933,64
1016;32298,22
1017;43985,9
1018;13447,12
1019;52908,75
1020;32172,54
1021;19353,8
1022;19605,14
1023;43734,55
1024;44362,92
1025;61203,24
1026;133482,98
1027;22369,97
1028;129192,87
1029;27271,26
1030;84955,62
1031;19730,82
1032;6032,35
1033;11872,45
1034;3393,2
1035;231742,86
1036;59785,64
1037;124919,96
1038;10797,91
1039;41158,24
1040;39964,33
1041;22495,65
1042;184740,78
1043;15206,55
1044;65350,48
1045;237398,19
1046;20484,86
1047;34706,01
1048;20861,88
1049;43483,2
1050;13572,79
1051;23878,06
1052;156087,11
1053;240540,04
1054;24380,76
1055;55867,12
1056;182698,07
1057;31976,87
1058;98654,09
1059;30902,61
1060;7917,46
1061;97523,02
1062;20861,88
1063;7289,09
1064;49012,86
1065;107331,88
1066;12567,4
1067;98025,72
1068;13321,44
1069;30790,13
1070;223699,72
1071;312802,59
1072;19228,12
1073;103932,4
1074;339758,4
1075;9928,25
1076;71144,05
1077;25134,8
1078;8797,18
1079;23978,6
1080;100539,2
1081;5969,52
1082;167900,46
1083;161684,63
1084;22244,3
1085;33177,94
1086;18010,32
1087;80180,01
1088;46876,4
1089;138492,75
1090;97648,7
1091;7897,35
1092;38079,22
1093;63088,35
1094;13824,14
1095;41346,75
1096;94185,75
1097;9551,22
1098;8860,02
1099;24317,92
1100;4021,57
1101;246823,74
1102;43483,2
1103;33052,26
1104;156593,31
1105;61328,91
1106;502696,0
1107;7163,42
1108;9865,41
1109;23501,04
1110;122657,82
1111;16337,62
1112;379409,81
1113;250468,28
1114;110970,14
1115;14075,49
1116;11499,17
1117;191024,48
1118;96637,02
1119;68995,03
1120;91993,37
1121;256370,74
1122;100539,2
1123;20987,56
1124;17468,69
1125;81059,73
1126;29156,37
1127;10305,27
1128;96768,98
1129;17468,69
1130;21917,55
1131;293825,81
1132;351585,58
1133;80905,15
1134;125674,0
1135;13572,79
1136;25763,17
1137;27396,93
1138;75278,73
1139;132963,09
1140;8231,65
1141;9488,39
1142;6660,72
1143;66267,9
1144;19605,14
1145;10493,78
1146;178815,29
1147;104183,75
1148;62657,29
1149;38833,27
1150;375513,91
1151;18348,4
1152;58061,39
1153;58061,39
1154;31544,17
1155;33660,52
1156;74718,22
1157;114436,86
1158;7405,97
1159;26391,54
1160;101481,76
1161;101481,76
1162;83975,35
1163;125674,0
1164;24506,43
1165;65350,48
1166;62390,57
1167;125674,0
1168;391223,16
1169;184156,36
1170;137990,05
1171;23249,69
1172;73833,48
1173;73833,48
1174;85923,14
1175;12190,38
1176;50646,62
1177;90861,05
1178;125674,0
1179;39587,31
1180;9551,22
1181;63214,02
1182;53788,47
1183;103052,68
1184;49691,5
1185;53070,36
1186;53034,43
1187;27396,93
1188;502696,0
1189;389589,4
1190;63775,48
1191;34717,44
1192;86966,41
1193;13447,12
1194;18474,08
1195;416910,93
1196;98025,72
1197;53413,96
1198;32046,87
1199;15457,9
1200;55296,56
1201;122406,48
1202;25637,5
1203;25386,15
1204;319086,29
1205;85621,7
1206;69083,0
1207;110216,1
1208;13949,81
1209;81688,1
1210;58752,6
1211;27019,91
1212;115620,08
1213;44802,78
1214;22872,67
1215;15834,92
1216;58438,41
1217;91742,02
1218;24255,08
1219;78639,25
1220;144182,54
1221;51115,07
1222;71131,48
1223;77666,53
1224;27396,93
1225;25888,84
1226;68240,98
1227;9928,25
1228;89605,56
1229;159211,87
1230;39802,97
1231;68743,68
1232;22621,32
1233;58941,11
1234;76661,14
1235;169282,88
1236;19982,17
1237;94390,99
1238;46939,24
1239;120144,34
1240;43775,4
1241;34459,81
1242;377,02
1243;502696,0
1244;85458,32
1245;26643,14
1246;177357,43
1247;354163,16
1248;171922,03
1249;52952,74
1250;66984,24
1251;24380,76
1252;31732,69
1253;49723,86
1254;30161,76
1255;502696,0
1256;278240,98
1257;9048,53
1258;6032,35
1259;188511,0
1260;34836,83
1261;19730,82
1262;71508,51
1263;28276,65
1264;39398,8
1265;26997,82
1266;14269,03
1267;46625,05
1268;323233,53
1269;253790,54
1270;47881,79
1271;302622,99
1272;273749,77
1273;32172,54
1274;36068,44
1275;68492,33
1276;131957,7
1277;22998,34
1278;7917,46
1279;239730,77
1280;242131,07
1281;78008,37
1282;71508,51
1283;124668,61
1284;124668,61
1285;96517,63
1286;12190,38
1287;29533,39
1288;21113,23
1289;27962,47
1290;9928,25
1291;7289,09
1292;165009,96
1293;220809,22
1294;280378,69
1295;22528,95
1296;29030,69
1297;80557,03
1298;257000,82
1299;290540,69
1300;276293,38
1301;18725,43
1302;94381,17
1303;18976,77
1304;190270,44
1305;40844,05
1306;86178,43
1307;473076,47
1308;12316,05
1309;8797,18
1310;345100,8
1311;46248,03
1312;342222,66
1313;202209,47
1314;383314,26
1315;44237,25
1316;12645,49
1317;33177,94
1318;15868,23
1319;13321,44
1320;225459,16
1321;37953,55
1322;168026,14
1323;33052,26
1324;47002,08
1325;39084,61
1326;15960,6
1327;38953,15
1328;24920,65
1329;20170,68
1330;213457,29
1331;77792,21
1332;373176,38
1333;97146,0
1334;31292,83
1335;64219,41
1336;476807,16
1337;31042,11
1338;13070,1
1339;30161,76
1340;50269,6
1341;10682,29
1342;59695,15
1343;22872,67
1344;35691,42
1345;343718,39
1346;117970,18
1347;50018,25
1348;94255,5
1349;192029,87
1350;54039,82
1351;8797,18
1352;33906,85
1353;13070,1
1354;30287,43
1355;190660,03
1356;19982,17
1357;11813,36
1358;17845,71
1359;26466,94
1360;84318,46
1361;26517,21
1362;65099,13
1363;22998,34
1364;62900,47
1365;79048,95
1366;31869,48
1367;102298,64
1368;30790,13
1369;226441,12
1370;10054,82
1371;36099,04
1372;91152,12
1373;132837,42
1374;100287,85
1375;118435,63
1376;41091,31
1377;95386,57
1378;29030,69
1379;64572,22
1380;66355,87
1381;37073,83
1382;7791,79
1383;37325,18
1384;15960,6
1385;79802,99
1386;54856,7
1387;31454,95
1388;82567,82
1389;95386,57
1390;191275,83
1391;62082,96
1392;20296,35
1393;32800,91
1394;51114,13
1395;347865,63
1396;182315,27
1397;596951,5
1398;61580,26
1399;67863,96
1400;125674,0
1401;63185,12
1402;110341,77
1403;18097,06
1404;18097,06
1405;123914,56
1406;56427,63
1407;249247,86
1408;42854,83
1409;502696,0
1410;405298,65
1411;94004,15
1412;123160,52
1413;20107,84
1414;256626,31
1415;60323,52
1416;145027,8
1417;9739,74
1418;27786,52
1419;66984,24
1420;125674,0
1421;88851,52
1422;125296,98
1423;33316,18
1424;34811,7
1425;64596,44
1426;502696,0
1427;17091,66
1428;169659,9
1429;11813,36
1430;23124,02
1431;124919,96
1432;25134,8
1433;131957,7
1434;34434,68
1435;49389,88
1436;68618,0
1437;16337,62
1438;9174,2
1439;194920,37
1440;75404,4
1441;6158,03
1442;9025,09
1443;86840,73
1444;158600,59
1445;17091,66
1446;319840,33
1447;15041,92
1448;4021,57
1449;245567,0
1450;64596,44
1451;71508,51
1452;16626,67
1453;7125,72
1454;90078,94
1455;38456,24
1456;24169,62
1457;23083,8
1458;9991,08
1459;25637,5
1460;44614,27
1461;83573,21
1462;106822,9
1463;53411,45
1464;43357,53
1465;120521,37
1466;108372,18
1467;39964,33
1468;47944,63
1469;21113,23
1470;125674,0
1471;250747,91
1472;334788,52
1473;98842,6
1474;203214,86
1475;3518,87
1476;102298,64
1477;70525,11
1478;16149,11
1479;70000,42
1480;176571,97
1481;84276,48
1482;65161,97
1483;33680,63
1484;163627,55
1485;276105,78
1486;63214,02
1487;29910,41
1488;70503,11
1489;110718,79
1490;187631,28
1491;37827,87
1492;119390,3
1493;91239,32
1494;22998,34
1495;30915,8
1496;83573,21
1497;92345,26
1498;195423,07
1499;125422,65
1500;27019,91
1501;502696,0
1502;53537,12
1503;109839,08
1504;5655,33
1505;11750,52
1506;89354,21
1507;125674,0
1508;147415,6
1509;44398,11
1510;25511,82
1511;25253,94
1512;265234,98
1513;237461,02
1514;7540,44
1515;13572,79
1516;71382,83
1517;37953,55
1518;258574,26
1519;48761,51
1520;22244,3
1521;293514,43
1522;73267,94
1523;160360,02
1524;9299,88
1525;78797,6
1526;59946,5
1527;63716,72
1528;13037,42
1529;47053,31
1530;15583,58
1531;502696,0
1532;22872,67
1533;85081,3
1534;25888,84
1535;117714,09
1536;147289,93
1537;502696,0
1538;80180,01
1539;82567,82
1540;42370,83
1541;3267,52
1542;105691,83
1543;26265,87
1544;32947,95
1545;502696,0
1546;120647,04
1547;205602,66
1548;87667,67
1549;54958,5
1550;12456,81
1551;74021,99
1552;108833,68
1553;255507,81
1554;83070,51
1555;10682,29
1556;121024,06
1557;99156,79
1558;39650,01
1559;72269,46
1560;115745,75
1561;468009,98
1562;34686,02
1563;16086,27
1564;37450,85
1565;46876,4
1566;502696,0
1567;14829,53
1568;22927,34
1569;88536,64
1570;26014,52
1571;45965,27
1572;60917,33
1573;103797,3
1574;25125,95
1575;55924,93
1576;84201,58
1577;173430,12
1578;32675,24
1579;32549,57
1580;48133,14
1581;46876,4
1582;122909,17
1583;88097,47
1584;125674,0
1585;50772,3
1586;177954,38
1587;76912,49
1588;27899,63
1589;24820,62
1590;9299,88
1591;23752,39
1592;37400,58
1593;63716,72
1594;43430,42
1595;84201,58
1596;72639,57
1597;26014,52
1598;22244,3
1599;30790,13
1600;10682,29
1601;193439,24
1602;125674,0
1603;17971,38
1604;125674,0
1605;15457,9
1606;10933,64
1607;125674,0
1608;41434,72
1609;69497,72
1610;72262,55
1611;105943,18
1612;43219,29
1613;195548,74
1614;62762,85
1615;41346,75
1616;8471,43
1617;502696,0
1618;24757,78
1619;59946,5
1620;49522,42
1621;74172,07
1622;90108,26
1623;5781,0
1624;4147,24
1625;9928,25
1626;41849,44
1627;502696,0
1628;83070,51
1629;50018,25
1630;89354,21
1631;596951,5
1632;20296,35
1633;8420,16
1634;21113,23
1635;35188,72
1636;17334,49
1637;19605,14
1638;35565,74
1639;22621,32
1640;46876,4
1641;83698,88
1642;62837,0
1643;11823,82
1644;88331,54
1645;227934,76
1646;162307,97
1647;15709,25
1648;237864,12
1649;13070,1
1650;41723,77
1651;133717,14
1652;46545,18
1653;104058,07
1654;57363,9
1655;29332,31
1656;255118,22
1657;68046,19
1658;102223,23
1659;23450,77
1660;25116,21
1661;105943,18
1662;21113,23
1663;28025,3
1664;42741,73
1665;8030,57
1666;100790,55
1667;117612,01
1668;1734,3
1669;49138,53
1670;67801,12
1671;34686,02
1672;85081,3
1673;80431,36
1674;24255,08
1675;125674,0
1676;228362,23
1677;52406,06
1678;27773,95
1679;121778,11
1680;74650,36
1681;331150,99
1682;119640,39
1683;31732,69
1684;154076,32
1685;30538,78
1686;79048,95
1687;39335,96
1688;26014,52
1689;41472,42
1690;131957,7
1691;86715,06
1692;95260,89
1693;13698,47
1694;44739,94
1695;47630,45
1696;44488,6
1697;271305,03
1698;10430,94
1699;19479,47
1700;96014,94
1701;234648,55
1702;188511,0
1703;364328,93
1704;40749,79
1705;14201,16
1706;182418,02
1707;88474,5
1708;15834,92
1709;86966,41
1710;17192,2
1711;100162,18
1712;36319,79
1713;51149,32
1714;207110,75
1715;333538,8
1716;13447,12
1717;92998,76
1718;8420,16
1719;20610,54
1720;11687,68
1721;125674,0
1722;24632,1
1723;22118,62
1724;97397,35
1725;25386,15
1726;14326,84
1727;27773,95
1728;45493,99
1729;201078,4
1730;7414,77
1731;69120,7
1732;68240,98
1733;92873,09
1734;55296,56
1735;20610,54
1736;48887,19
1737;58689,76
1738;7540,44
1739;135350,9
1740;65734,84
1741;78550,38
1742;117128,17
1743;17079,1
1744;16161,68
1745;13007,26
1746;17845,71
1747;70628,79
1748;65727,5
1749;22621,32
1750;237272,51
1751;502696,0
1752;84829,95
1753;52505,53
1754;28905,02
1755;13824,14
1756;117756,54
1757;11184,99
1758;306770,23
1759;100287,85
1760;120270,02
1761;47379,1
1762;36948,16
1763;24129,41
1764;24757,78
1765;9676,9
1766;125674,0
1767;43734,55
1768;502696,0
1769;239408,97
1770;13195,77
1771;502696,0
1772;28150,98
1773;32046,87
1774;58438,41
1775;111702,87
1776;54039,82
1777;163627,55
1778;20117,89
1779;78609,09
1780;14201,16
1781;74248,2
1782;106797,77
1783;13698,47
1784;46499,38
1785;220180,85
1786;46750,73
1787;246321,04
1788;125674,0
1789;354777,7
1790;160357,8
1791;79413,38
1792;21741,6
1793;91679,18
1794;36571,13
1795;100790,55
1796;312425,56
1797;33806,31
1798;33554,96
1799;104309,42
1800;28779,35
1801;104560,77
1802;45745,34
1803;4524,26
1804;23501,04
1805;103806,72
1806;25507,23
1807;66984,24
1808;11059,31
1809;21896,04
1810;25386,15
1811;100780,47
1812;100780,47
1813;206859,4
1814;7414,77
1815;502696,0
1816;64093,74
1817;323736,22
1818;80934,06
1819;59569,48
1820;27396,93
1821;32228,47
1822;15646,41
1823;502696,0
1824;9802,57
1825;66104,52
1826;232748,25
1827;212401,63
1828;28716,51
1829;135350,9
1830;65601,83
1831;82190,8
1832;10807,96
1833;125674,0
1834;502696,0
1835;387201,59
1836;20107,84
1837;154807,75
1838;65601,83
1839;66984,24
1840;47127,75
1841;25951,68
1842;386070,53
1843;65476,15
1844;14955,21
1845;7791,79
1846;42603,49
1847;78609,09
1848;22369,97
1849;502696,0
1850;207362,1
1851;281384,09
1852;71389,83
1853;103555,38
1854;110593,12
1855;90736,63
1856;212514,73
1857;31795,52
1858;67863,96
1859;225242,96
1860;96531,46
1861;152693,91
1862;15457,9
1863;91239,32
1864;16840,32
1865;179462,47
1866;80305,69
1867;45996,68
1868;31418,5
1869;258637,09
1870;47969,77
1871;32457,86
1872;255118,22
1873;125674,0
1874;125674,0
1875;98905,44
1876;44747,33
1877;502696,0
1878;15834,92
1879;13824,14
1880;64729,42
1881;493898,82
1882;74901,7
1883;119264,63
1884;30538,78
1885;42528,08
1886;100916,22
1887;92244,72
1888;23878,06
1889;24380,76
1890;28528,0
1891;125674,0
1892;105943,18
1893;44575,39
1894;23124,02
1895;31418,5
1896;77289,51
1897;63465,37
1898;115620,08
1899;31795,52
1900;15836,18
1901;100664,87
1902;88474,5
1903;117505,19
1904;83115,88
1905;334069,25
1906;333359,08
1907;83573,21
1908;117756,54
1909;19102,45
1910;48975,16
1911;114111,99
1912;194543,35
1913;27648,28
1914;64470,76
1915;85332,65
1916;177439,12
1917;16211,95
1918;125674,0
1919;39766,94
1920;54994,94
1921;46750,73
1922;96768,98
1923;89856,91
1924;180342,19
1925;29407,72
1926;125674,0
1927;107989,09
1928;211132,32
1929;114991,71
1930;87217,76
1931;182855,67
1932;19881,63
1933;22055,79
1934;95671,57
1935;120898,39
1936;18725,43
1937;10936,15
1938;11107,07
1939;37576,53
1940;125674,0
1941;40365,18
1942;23249,69
1943;67738,29
1944;38833,27
1945;28905,02
1946;106320,2
1947;93956,4
1948;63591,04
1949;31858,36
1950;132334,72
1951;125674,0
1952;278116,56
1953;213844,36
1954;41660,93
1955;185369,15
1956;126679,39
1957;33680,63
1958;54919,54
1959;221239,12
1960;82190,8
1961;106194,53
1962;25260,47
1963;83573,21
1964;94758,2
1965;73142,27
1966;30915,8
1967;31987,69
1968;48887,19
1969;104309,42
1970;112352,56
1971;46069,57
1972;12294,69
1973;22623,0
1974;16626,67
1975;40592,7
1976;53411,45
1977;111183,79
1978;35440,07
1979;24524,02
1980;276608,47
1981;41346,75
1982;125674,0
1983;118510,58
1984;27193,42
1985;52406,06
1986;52406,06
1987;12693,07
1988;70126,09
1989;17845,71
1990;42100,79
1991;20987,56
1992;99532,24
1993;195925,77
1994;31418,5
1995;4272,92
1996;14646,0
1997;8797,18
1998;99910,83
1999;35565,74
2000;249085,87
2001;53072,81
2002;104435,09
2003;249337,22
2004;142335,86
2005;35188,72
2006;64345,09
2007;306661,68
2008;58564,08
2009;125674,0
2010;29784,74
2011;11310,66
2012;14023,96
2013;18976,77
2014;43671,72
2015;48133,14
2016;257254,68
2017;314,19
2018;44971,31
2019;43608,88
2020;36822,48
2021;8168,81
2022;19730,82
2023;52406,06
2024;91742,02
2025;107199,92
2026;137524,43
2027;259531,01
2028;28836,78
2029;502696,0
2030;144525,1
2031;441744,11
2032;125674,0
2033;230863,14
2034;13070,1
2035;17845,71
2036;93061,6
2037;144902,12
2038;125674,0
2039;63591,04
2040;44488,6
2041;42729,16
2042;91490,67
2043;100413,53
2044;163376,2
2045;62585,65
2046;13195,77
2047;98779,76
2048;62837,0
2049;87343,43
2050;34686,02
2051;49892,58
2052;109210,71
2053;18725,43
2054;40193,25
2055;27208,42
2056;30664,46
2057;60700,54
2058;28402,32
2059;37450,85
2060;125674,0
2061;144022,4
2062;158286,82
2063;43231,86
2064;78043,55
2065;4964,12
2066;29156,37
2067;125674,0
2068;145016,49
2069;61831,61
2070;107199,92
2071;63591,04
2072;22621,32
2073;153950,65
2074;45242,64
2075;14452,51
2076;370768,46
2077;33806,31
2078;55547,91
2079;22621,32
2080;27899,63
2081;44739,94
2082;59569,48
2083;59569,48
2084;289050,2
2085;13949,81
2086;395747,43
2087;236141,45
2088;270777,2
2089;521547,1
2090;596951,5
2091;45961,57
2092;54919,54
2093;64345,09
2094;20673,37
2095;95386,57
2096;65197,16
2097;65252,45
2098;222442,98
2099;93452,44
2100;40718,38
2101;96768,98
2102;28905,02
2103;73066,86
2104;28653,67
2105;61454,59
2106;4712,78
2107;59380,97
2108;173744,31
2109;18222,73
2110;80670,14
2111;125171,3
2112;32549,57
2113;16211,95
2114;20422,03
2115;18851,1
2116;102157,88
2117;74147,66
2118;125674,0
2119;125674,0
2120;16588,97
2121;16331,34
2122;15709,25
2123;35314,39
2124;54291,17
2125;51652,01
2126;86398,36
2127;271707,19
2128;6082,62
2129;36194,11
2130;317023,03
2131;27773,95
2132;39712,37
2133;7163,42
2134;56678,97
2135;102424,31
2136;59569,48
2137;59695,15
2138;34949,94
2139;23978,6
2140;62837,0
2141;57056,0
2142;68240,98
2143;292694,75
2144;50206,76
2145;30124,06
2146;50269,6
2147;133340,11
2148;103304,03
2149;24003,73
2150;42100,79
2151;90987,98
2152;78738,52
2153;25741,81
2154;39971,87
2155;123625,51
2156;399265,98
2157;34309,0
2158;21867,28
2159;98528,42
2160;125988,19
2161;18348,4
2162;102801,33
2163;335119,12
2164;13572,79
2165;39210,29
2166;14025,22
2167;8860,02
2168;136908,0
2169;27773,95
2170;242084,26
2171;502696,0
2172;318989,13
2173;35440,07
2174;42352,14
2175;14689,13
2176;18222,73
2177;18851,1
2178;27085,02
2179;30413,11
2180;17971,38
2181;15332,23
2182;15332,23
2183;50897,97
2184;80180,01
2185;14452,51
2186;23249,69
2187;71759,85
2188;71759,85
2189;56553,3
2190;32423,89
2191;258762,77
2192;22948,07
2193;134596,85
2194;134471,18
2195;23249,69
2196;15080,88
2197;168654,51
2198;41975,12
2199;151939,87
2200;1759,44
2201;25888,84
2202;103052,68
2203;30919,57
2204;502696,0
2205;125674,0
2206;312928,26
2207;4398,59
2208;36445,46
2209;8420,16
2210;59255,29
2211;39084,61
2212;36571,13
2213;14452,51
2214;16098,84
2215;79048,95
2216;147541,28
2217;19353,8
2218;259139,79
2219;125674,0
2220;502696,0
2221;252981,76
2222;284651,61
2223;357165,51
2224;78546,25
2225;9362,71
2226;180719,21
2227;50018,25
2228;38581,92
2229;37702,2
2230;28249,33
2231;19479,47
2232;10933,64
2233;31418,5
2234;47190,59
2235;131957,7
2236;398889,28
2237;69874,74
2238;11903,84
2239;42346,8
2240;52029,04
2241;11184,99
2242;27019,91
2243;57307,34
2244;125674,0
2245;76032,77
2246;93124,43
2247;64973,46
2248;53285,78
2249;44991,29
2250;52029,04
2251;66041,69
2252;25260,47
2253;28025,3
2254;27396,93
2255;7666,11
2256;148957,21
2257;31268,14
2258;47253,42
2259;125674,0
2260;18097,06
2261;126930,74
2262;11687,68
2263;134345,51
2264;125674,0
2265;114237,67
2266;56301,95
2267;8797,18
2268;11712,82
2269;24757,78
2270;245441,32
2271;43985,9
2272;51149,32
2273;16588,97
2274;13132,93
2275;24380,76
2276;27773,95
2277;28025,3
2278;94569,69
2279;11562,01
2280;31795,52
2281;8797,18
2282;47881,79
2283;18474,08
2284;120647,04
2285;67724,46
2286;124417,26
2287;75027,38
2288;58941,11
2289;44520,01
2290;125674,0
2291;80619,87
2292;99381,74
2293;153196,61
2294;184819,33
2295;67298,43
2296;17091,66
2297;13007,26
2298;11687,68
2299;34309,0
2300;30664,46
2301;279750,32
2302;15206,55
2303;167774,79
2304;42528,08
2305;57391,7
2306;36822,48
2307;3518,87
2308;107714,49
2309;143920,75
2310;34183,33
2311;9802,57
2312;11562,01
2313;16211,95
2314;31041,48
2315;10933,64
2316;17594,36
2317;54416,84
2318;302371,64
2319;5655,33
2320;85961,02
2321;49641,23
2322;85583,99
2323;214902,54
2324;47504,77
2325;13447,12
2326;128941,52
2327;7588,51
2328;21490,35
2329;14378,99
2330;26391,54
2331;38079,22
2332;50143,93
2333;23124,02
2334;56301,95
2335;77289,51
2336;431690,19
2337;22621,32
2338;21992,95
2339;41221,07
2340;18097,06
2341;179965,17
2342;46625,05
2343;12119,16
2344;44801,78
2345;46499,38
2346;121401,08
2347;30224,6
2348;11813,36
2349;224202,42
2350;176446,3
2351;69497,72
2352;23501,04
2353;167088,55
2354;15080,88
2355;33554,96
2356;259339,61
2357;355547,52
2358;409571,57
2359;502696,0
2360;301901,79
2361;36194,11
2362;119390,3
2363;125674,0
2364;251725,02
2365;125674,0
2366;319588,98
2367;291993,81
2368;235387,4
2369;75404,4
2370;61768,77
2371;228404,15
2372;364541,53
2373;43985,9
2374;50772,3
2375;38581,92
2376;169632,25
2377;149300,71
2378;108079,64
2379;108205,31
2380;193622,84
2381;125674,0
2382;25134,8
2383;25763,17
2384;173555,79
2385;140377,86
2386;80054,34
2387;38079,22
2388;24317,92
2389;144022,4
2390;61705,93
2391;50269,6
2392;125674,0
2393;22369,97
2394;137306,59
2395;17312,85
2396;65476,15
2397;12693,07
2398;155207,39
2399;148443,62
2400;88600,17
2401;20107,84
2402;419817,77
2403;11562,01
2404;46373,71
2405;24255,08
2406;90222,16
2407;17720,03
2408;271208,26
2409;80379,83
2410;14201,16
2411;21741,6
2412;77540,86
2413;11059,31
2414;43608,88
2415;57181,67
2416;128313,15
2417;97900,05
2418;17720,03
2419;53788,47
2420;15960,6
2421;136356,29
2422;54039,82
2423;37450,85
2424;89605,56
2425;69874,74
2426;111724,19
2427;30927,04
2428;11184,99
2429;135656,29
2430;7414,77
2431;119138,95
2432;33429,28
2433;17971,38
2434;19982,17
2435;6622,39
2436;502696,0
2437;32172,54
2438;103548,26
2439;189265,04
2440;23626,71
2441;29910,41
2442;213520,13
2443;35440,07
2444;463133,82
2445;169659,9
2446;94129,83
2447;214888,24
2448;338440,08
2449;216410,63
2450;97271,68
2451;502696,0
2452;368727,52
2453;273969,32
2454;29407,72
2455;502696,0
2456;502696,0
2457;490756,97
2458;457327,69
2459;423521,38
2460;90610,95
2461;401639,56
2462;107980,62
2463;445262,98
2464;440236,02
2465;114614,69
2466;180593,54
2467;153699,3
2468;244005,21
2469;218295,74
2470;125674,0
2471;205099,97
2472;502696,0
2473;16588,97
2474;457313,86
2475;21238,91
2476;103555,38
2477;355783,09
2478;92621,74
2479;113860,64
2480;22872,67
2481;141383,25
2482;86086,69
2483;149803,41
2484;2262,13
2485;77163,84
2486;63151,19
2487;14703,86
2488;33931,98
2489;83447,54
2490;94129,83
2491;14515,35
2492;16965,99
2493;89605,56
2494;195674,42
2495;79300,29
2496;201832,44
2497;273009,17
2498;29784,74
2499;62711,33
2500;4021,57
2501;61454,59
2502;77415,18
2503;13464,71
2504;88348,82
2505;187505,61
2506;444508,94
2507;78546,25
2508;69623,4
2509;53160,1
2510;48761,51
2511;125674,0
2512;138367,07
2513;71005,81
2514;70000,42
2515;61705,93
2516;46195,88
2517;50520,95
2518;31292,83
2519;241796,78
2520;107325,6
2521;39084,61
2522;77415,18
2523;49012,86
2524;1743,1
2525;43608,88
2526;21050,4
2527;13321,44
2528;195925,77
2529;194543,35
2530;145119,21
2531;80673,91
2532;25260,47
2533;7666,11
2534;32549,57
2535;125674,0
2536;95260,89
2537;502696,0
2538;124417,26
2539;130575,29
2540;50018,25
2541;78637,14
2542;50520,95
2543;48947,97
2544;17720,03
2545;16211,95
2546;50395,27
2547;72765,25
2548;72639,57
2549;16588,97
2550;33177,94
2551;74650,36
2552;81688,1
2553;51652,01
2554;122657,82
2555;488668,27
2556;11813,36
2557;398248,34
2558;94129,83
2559;78671,92
2560;90887,44
2561;221688,94
2562;29142,54
2563;385944,85
2564;136104,94
2565;147666,95
2566;23375,36
2567;198062,22
2568;27899,63
2569;21113,23
2570;19416,63
2571;47004,59
2572;27145,58
2573;16123,97
2574;96236,42
2575;31041,48
2576;16337,62
2577;125674,0
2578;80180,01
2579;10807,96
2580;52873,79
2581;2262,13
2582;55572,97
2583;31556,74
2584;4147,24
2585;55588,12
2586;17343,01
2587;30664,46
2588;211760,69
2589;18097,06
2590;39461,64
2591;226100,09
2592;124183,23
2593;502696,0
2594;73016,59
2595;36696,81
2596;15583,58
2597;10305,27
2598;502696,0
2599;10305,27
2600;19102,45
2601;432441,72
2602;49264,21
2603;33115,1
2604;28653,67
2605;88083,65
2606;26827,52
2607;110090,42
2608;502696,0
2609;164632,94
2610;35954,69
2611;180467,86
2612;5403,98
2613;94569,69
2614;120647,04
2615;45368,31
2616;236267,12
2617;133386,61
2618;14703,86
2619;26919,84
2620;27271,26
2621;29141,29
2622;58689,76
2623;69120,7
2624;302146,69
2625;60838,78
2626;23897,72
2627;84258,13
2628;37827,87
2629;14075,49
2630;6409,37
2631;21741,6
2632;138995,44
2633;84297,21
2634;71948,37
2635;38707,59
2636;50897,97
2637;2010,78
2638;12781,05
2639;502696,0
2640;8671,51
2641;33495,89
2642;87469,1
2643;124165,91
2644;125674,0
2645;34560,35
2646;12818,75
2647;10179,59
2648;62082,96
2649;11687,68
2650;233681,13
2651;10807,96
2652;29156,37
2653;34309,0
2654;54793,86
2655;355657,42
2656;321222,74
2657;278367,91
2658;69372,05
2659;56222,36
2660;117379,52
2661;12567,4
2662;32298,22
2663;74199,41
2664;245290,51
2665;31418,5
2666;119264,63
2667;104137,5
2668;67926,8
2669;88474,5
2670;36445,46
2671;92095,09
2672;70691,63
2673;105251,98
2674;48007,47
2675;12818,75
2676;21385,94
2677;79802,99
2678;628370,0
2679;105566,16
2680;17343,01
2681;137862,37
2682;242927,84
2683;20484,86
2684;20484,86
2685;60700,54
2686;69905,96
2687;28276,65
2688;125674,0
2689;39084,61
2690;34937,37
2691;171419,34
2692;80557,03
2693;37450,85
2694;41409,58
2695;23249,69
2696;85408,28
2697;20861,88
2698;24255,08
2699;22369,97
2700;244459,13
2701;165975,14
2702;188511,0
2703;596951,5
2704;63151,19
2705;103505,11
2706;42980,51
2707;50897,97
2708;69372,05
2709;41723,77
2710;130952,31
2711;113106,6
2712;30538,78
2713;25888,84
2714;6409,37
2715;40467,03
2716;53537,12
2717;8671,51
2718;53537,12
2719;32423,89
2720;9167,92
2721;78106,39
2722;28905,02
2723;441835,86
2724;50620,43
2725;200663,68
2726;9174,2
2727;294092,24
2728;58312,74
2729;11813,36
2730;73142,27
2731;417489,03
2732;21194,92
2733;24506,43
2734;46876,4
2735;20937,29
2736;15709,25
2737;502696,0
2738;148546,67
2739;88593,26
2740;6283,7
2741;42100,79
2742;147038,58
2743;13824,14
2744;47756,12
2745;109210,71
2746;52406,06
2747;35126,8
2748;58187,06
2749;13070,1
2750;10556,62
2751;107576,94
2752;58815,43
2753;70188,93
2754;12454,29
2755;41221,07
2756;20736,21
2757;75404,4
2758;86413,44
2759;7842,06
2760;96781,55
2761;22118,62
2762;66355,87
2763;77540,86
2764;280630,04
2765;19165,29
2766;159304,36
2767;261653,27
2768;119661,13
2769;265109,3
2770;45996,68
2771;125674,0
2772;11687,68
2773;30161,76
2774;18159,89
2775;64847,78
2776;72639,57
2777;247954,8
2778;195184,93
2779;25826,01
2780;17594,36
2781;23249,69
2782;27648,28
2783;27119,05
2784;9174,2
2785;265297,81
2786;37953,55
2787;43985,9
2788;96894,65
2789;113106,6
2790;88348,82
2791;50482,47
2792;8420,16
2793;10053,92
2794;215530,91
2795;31418,5
2796;18725,43
2797;44111,57
2798;147792,62
2799;81228,13
2800;91860,15
2801;20861,88
2802;141257,58
2803;20359,19
2804;125674,0
2805;61705,93
2806;30350,27
2807;314,19
2808;80288,09
2809;21490,25
2810;25763,17
2811;13447,12
2812;35565,74
2813;176823,32
2814;367052,28
2815;44111,57
2816;24757,78
2817;13547,66
2818;119882,94
2819;29139,57
2820;329519,74
2821;125674,0
2822;19605,14
2823;114614,69
2824;3644,55
2825;234130,66
2826;4147,24
2827;62020,12
2828;64030,9
2829;464993,8
2830;22906,29
2831;179336,8
2832;28025,3
2833;236267,41
2834;73770,64
2835;10305,27
2836;125674,0
2837;109569,81
2838;33303,61
2839;484478,9
2840;184866,45
2841;103304,03
2842;29533,39
2843;56624,7
2844;123818,42
2845;35440,07
2846;171293,66
2847;502696,0
2848;70754,46
2849;5906,68
2850;33303,61
2851;16588,97
2852;15694,17
2853;37702,2
2854;92549,85
2855;109085,03
2856;98151,39
2857;14452,51
2858;260647,88
2859;20107,84
2860;17594,36
2861;45368,31
2862;31669,85
2863;89479,89
2864;321105,58
2865;31698,63
2866;24883,45
2867;128438,83
2868;128438,83
2869;19605,14
2870;10053,92
2871;83321,86
2872;32172,54
2873;43483,2
2874;99787,67
2875;62837,0
2876;37702,2
2877;125674,0
2878;23056,4
2879;21741,6
2880;32800,91
2881;165009,96
2882;18725,43
2883;14578,18
2884;67306,16
2885;161365,42
2886;33177,94
2887;88223,15
2888;41786,61
2889;184615,11
2890;10430,94
2891;170577,32
2892;102202,37
2893;12064,7
2894;95637,91
2895;38035,24
2896;39335,96
2897;31825,68
2898;27773,95
2899;118259,23
2900;116122,78
2901;39712,98
2902;308152,65
2903;28213,81
2904;50557,39
2905;28905,02
2906;57684,37
2907;30036,09
2908;176335,07
2909;24757,78
2910;441987,99
2911;9123,93
2912;71005,81
2913;66984,24
2914;36592,5
2915;295962,27
2916;9802,57
2917;40592,7
2918;20736,21
2919;59443,8
2920;278619,26
2921;108708,01
2922;165889,68
2923;46122,36
2924;14452,51
2925;175817,93
2926;13773,87
2927;231,57
2928;24503,92
2929;17720,03
2930;38833,27
2931;14326,84
2932;23626,71
2933;31544,17
2934;18725,43
2935;51237,29
2936;83321,86
2937;156185,13
2938;240037,34
2939;123160,52
2940;52783,08
2941;15583,58
2942;12190,38
2943;38204,9
2944;39838,66
2945;56427,63
2946;21113,23
2947;34560,35
2948;112729,58
2949;66858,57
2950;412225,8
2951;51636,93
2952;101137,79
2953;16463,29
2954;35942,76
2955;39587,31
2956;9249,61
2957;240690,84
2958;87217,76
2959;44488,6
2960;11939,03
2961;71500,46
2962;73406,18
2963;99526,17
2964;32549,57
2965;13362,14
2966;42100,79
2967;157439,36
2968;11687,68
2969;56678,97
2970;117630,86
2971;71005,81
2972;66550,67
2973;76409,79
2974;22432,81
2975;27484,9
2976;22966,42
2977;15206,55
2978;38330,57
2979;50018,25
2980;117253,84
2981;177326,01
2982;125674,0
2983;9440,63
2984;25009,13
2985;28145,95
2986;49138,53
2987;466753,24
2988;23626,71
2989;74524,68
2990;57684,37
2991;19605,14
2992;147792,62
2993;57935,71
2994;18222,73
2995;35817,09
2996;53411,45
2997;38833,27
2998;12881,59
2999;33554,96
3000;7791,79
3001;50132,41
3002;192783,92
3003;43483,2
3004;99785,16
3005;502696,0
3006;229732,07
3007;13447,12
3008;68618,0
3009;311053,68
3010;11373,5
3011;22118,62
3012;133968,48
3013;168403,16
3014;125674,0
3015;20987,56
3016;81688,1
3017;70377,44
3018;184489,43
3019;12567,4
3020;16274,78
3021;25260,47
3022;45996,68
3023;73831,88
3024;90108,26
3025;8545,83
3026;119390,3
3027;13447,12
3028;145027,8
3029;46876,4
3030;183260,76
3031;125674,0
3032;78923,27
3033;3644,55
3034;101449,49
3035;37827,87
3036;24506,43
3037;29533,39
3038;26985,98
3039;502696,0
3040;60197,85
3041;79396,17
3042;70503,11
3043;20736,21
3044;5781,0
3045;42041,9
3046;48258,82
3047;236631,57
3048;200952,73
3049;144148,08
3050;19039,61
3051;182730,0
3052;123537,54
3053;42100,79
3054;157595,2
3055;108910,35
3056;54291,17
3057;39084,61
3058;284525,94
3059;271752,15
3060;16463,29
3061;23501,04
3062;28528,0
3063;226213,2
3064;11939,03
3065;235764,42
3066;111849,86
3067;148546,67
3068;58312,74
3069;450168,42
3070;85332,65
3071;112603,9
3072;56553,3
3073;10305,27
3074;49766,9
3075;83447,54
3076;59318,13
3077;119390,3
3078;30161,76
3079;168164,38
3080;411456,68
3081;8294,48
3082;138995,44
3083;114111,99
3084;62837,0
3085;100023,94
3086;125674,0
3087;125674,0
3088;22623,53
3089;15080,88
3090;82868,09
3091;54919,54
3092;78960,97
3093;41095,4
3094;151268,77
3095;85081,3
3096;14129,78
3097;16965,99
3098;18222,73
3099;56176,28
3100;134471,18
3101;23249,69
3102;96517,63
3103;84578,6
3104;4649,94
3105;19498,32
3106;53537,12
3107;93501,46
3108;35565,74
3109;17845,71
3110;113860,64
3111;42100,79
3112;13811,57
3113;20233,51
3114;238848,46
3115;7163,42
3116;24380,76
3117;401779,78
3118;121149,74
3119;502696,0
3120;36571,13
3121;185178,72
3122;54843,38
3123;15709,25
3124;32989,43
3125;227218,59
3126;263915,4
3127;304131,08
3128;11436,33
3129;6786,4
3130;84038,2
3131;25164,81
3132;46499,38
3133;79802,99
3134;9802,57
3135;13195,77
3136;12818,75
3137;165657,81
3138;21238,91
3139;67361,26
3140;36948,16
3141;63528,21
3142;18348,4
3143;18474,08
3144;12316,05
3145;37953,55
3146;502696,0
3147;312551,24
3148;30664,46
3149;39400,06
3150;174435,51
3151;41095,4
3152;19102,45
3153;24757,78
3154;16463,29
3155;138241,4
3156;180917,78
3157;41472,42
3158;129569,89
3159;118761,93
3160;64093,74
3161;28402,32
3162;125674,0
3163;52783,08
3164;113106,6
3165;17877,13
3166;502696,0
3167;502696,0
3168;439859,0
3169;114991,71
3170;502696,0
3171;171042,31
3172;27648,28
3173;49012,86
3174;102047,29
3175;29030,69
3176;432318,56
3177;218924,11
3178;233627,97
3179;244561,6
3180;436968,5
3181;34811,7
3182;16588,97
3183;12567,4
3184;72388,22
3185;8294,48
3186;26391,54
3187;45242,64
3188;78980,35
3189;125674,0
3190;71822,69
3191;37199,5
3192;115997,1
3193;125925,35
3194;114363,34
3195;340769,07
3196;49138,53
3197;14467,4
3198;29156,37
3199;110090,42
3200;9425,55
3201;67612,61
3202;173681,47
3203;24003,73
3204;93501,46
3205;11436,33
3206;31669,85
3207;222065,96
3208;182081,0
3209;60197,85
3210;137613,03
3211;131203,66
3212;42729,16
3213;100539,2
3214;20296,35
3215;41472,42
3216;17594,36
3217;620578,21
3218;502696,0
3219;67185,32
3220;17367,93
3221;36005,6
3222;302654,41
3223;50897,97
3224;378027,39
3225;194794,7
3226;20673,37
3227;13824,14
3228;35063,05
3229;66858,57
3230;22872,67
3231;41975,12
3232;11939,03
3233;426160,53
3234;7690,62
3235;17845,71
3236;47649,3
3237;51400,67
3238;4335,75
3239;6912,07
3240;223311,39
3241;36696,81
3242;21615,93
3243;83321,86
3244;12441,73
3245;13698,47
3246;25637,5
3247;168026,14
3248;14075,49
3249;38079,22
3250;12316,05
3251;45158,29
3252;62459,98
3253;114363,34
3254;22998,34
3255;57181,67
3256;30790,13
3257;33969,68
3258;118133,56
3259;22181,46
3260;10305,27
3261;57433,02
3262;68366,66
3263;55296,56
3264;307901,3
3265;20987,56
3266;189139,37
3267;35817,09
3268;15258,08
3269;41472,42
3270;19450,56
3271;100036,5
3272;37953,55
3273;123851,1
3274;19605,14
3275;74273,33
3276;69962,72
3277;166518,05
3278;10468,64
3279;59494,07
3280;6610,45
3281;31418,5
3282;36696,81
3283;13197,03
3284;249714,24
3285;23249,69
3286;85458,32
3287;75215,89
3288;28842,18
3289;137361,68
3290;23626,71
3291;25511,82
3292;48081,62
3293;56930,32
3294;62585,65
3295;53788,47
3296;27773,95
3297;233971,06
3298;120232,32
3299;174309,84
3300;23752,39
3301;86040,82
3302;122494,45
3303;11310,66
3304;12818,75
3305;30664,46
3306;49012,86
3307;9174,2
3308;90485,28
3309;20233,51
3310;130441,44
3311;152572,11
3312;62962,67
3313;44739,94
3314;43985,9
3315;58597,35
3316;30664,46
3317;89731,24
3318;67109,92
3319;35063,05
3320;13824,14
3321;21113,23
3322;38958,94
3323;22623,38
3324;68349,06
3325;134596,85
3326;44237,25
3327;7917,46
3328;125422,65
3329;66213,36
3330;10831,59
3331;101167,57
3332;102549,98
3333;29992,1
3334;476304,46
3335;14201,16
3336;62948,85
3337;38707,59
3338;26831,4
3339;244058,91
3340;45619,66
3341;42477,81
3342;205401,59
3343;93325,51
3344;94107,81
3345;402156,8
3346;95009,54
3347;203215,34
3348;116424,39
3349;113986,32
3350;21490,25
3351;85583,99
3352;18976,77
3353;135304,4
3354;90485,28
3355;83196,19
3356;54668,19
3357;26642,89
3358;26391,54
3359;77163,84
3360;27396,93
3361;15147,49
3362;13195,77
3363;14578,18
3364;35402,37
3365;188548,7
3366;502696,0
3367;121149,74
3368;51777,69
3369;44362,92
3370;39712,98
3371;111095,82
3372;182855,67
3373;103052,68
3374;38958,94
3375;68366,66
3376;56176,28
3377;120521,37
3378;138241,4
3379;10556,62
3380;110467,45
3381;161287,8
3382;77289,51
3383;14201,16
3384;32549,57
3385;29107,74
3386;84578,6
3387;149426,39
3388;229553,61
3389;58312,74
3390;36445,46
3391;157972,22
3392;20107,84
3393;61705,93
3394;56804,65
3395;81688,1
3396;168403,16
3397;46248,03
3398;8797,18
3399;47504,77
3400;94381,17
3401;25386,15
3402;17720,03
3403;21468,89
3404;147541,28
3405;63339,7
3406;26894,24
3407;1256,74
3408;33818,87
3409;45242,64
3410;86338,04
3411;82190,8
3412;88348,82
3413;232622,57
3414;22011,8
3415;184740,78
3416;68492,33
3417;75404,4
3418;19605,14
3419;43483,2
3420;41472,42
3421;63842,39
3422;220118,01
3423;502696,0
3424;166497,31
3425;29438,43
3426;37702,2
3427;18097,06
3428;86338,04
3429;46750,73
3430;326752,4
3431;42100,79
3432;32800,91
3433;175943,6
3434;20987,56
3435;15709,25
3436;79425,97
3437;179965,17
3438;63731,8
3439;26894,24
3440;32800,91
3441;13949,81
3442;125674,0
3443;40467,03
3444;28905,02
3445;100633,46
3446;127810,46
3447;65601,83
3448;41472,42
3449;10305,27
3450;115620,08
3451;65727,5
3452;190019,09
3453;22244,3
3454;81436,75
3455;81436,75
3456;102298,64
3457;36319,79
3458;52783,08
3459;101418,92
3460;108582,34
3461;12190,38
3462;139875,16
3463;61957,28
3464;72799,18
3465;118183,83
3466;127590,53
3467;53914,15
3468;43985,9
3469;107199,92
3470;62208,63
3471;41723,77
3472;125674,0
3473;6158,03
3474;122280,8
3475;4775,61
3476;80305,69
3477;12944,42
3478;26517,21
3479;113734,97
3480;31544,17
3481;43357,53
3482;43985,9
3483;91742,02
3484;84201,58
3485;46876,4
3486;51777,69
3487;16588,97
3488;15031,0
3489;24255,08
3490;106384,7
3491;8043,14
3492;31519,04
3493;232622,57
3494;109718,43
3495;86463,71
3496;43169,02
3497;20107,84
3498;38079,22
3499;165889,68
3500;15994,53
3501;87354,2
3502;134848,2
3503;40379,06
3504;15457,9
3505;17091,66
3506;47127,75
3507;20736,21
3508;48761,51
3509;124919,96
3510;42226,46
3511;19228,12
3512;146912,91
3513;116499,8
3514;34937,37
3515;81939,45
3516;81562,43
3517;16086,27
3518;98654,09
3519;33435,57
3520;422267,66
3521;8797,18
3522;43106,18
3523;20359,19
3524;46750,73
3525;20610,54
3526;25511,82
3527;17845,71
3528;49264,21
3529;59946,5
3530;70126,09
3531;97648,7
3532;136481,96
3533;64947,18
3534;124040,24
3535;53537,12
3536;256315,37
3537;15960,6
3538;110341,77
3539;81348,78
3540;28905,02
3541;70817,3
3542;61831,61
3543;22118,62
3544;10682,29
3545;78923,27
3546;233125,27
3547;309032,37
3548;502696,0
3549;502696,0
3550;46625,05
3551;22244,3
3552;97020,33
3553;8797,18
3554;30036,09
3555;133842,81
3556;149126,03
3557;628370,0
3558;92747,41
3559;96517,63
3560;22395,11
3561;105189,14
3562;63842,39
3563;17468,69
3564;21364,58
3565;26768,56
3566;100287,85
3567;72890,92
3568;89131,77
3569;24129,41
3570;23438,2
3571;17594,36
3572;14955,21
3573;131832,03
3574;15878,91
3575;22746,99
3576;67109,92
3577;62962,67
3578;17657,2
3579;3393,2
3580;187354,69
3581;109713,4
3582;125674,0
3583;87092,08
3584;82316,47
3585;68869,35
3586;33806,31
3587;72890,92
3588;5893,11
3589;71885,53
3590;88851,52
3591;344221,09
3592;47163,81
3593;181975,95
3594;10807,96
3595;57935,71
3596;34434,68
3597;122029,45
3598;33931,98
3599;17091,66
3600;86764,7
3601;417200,79
3602;38204,9
3603;15608,71
3604;36571,13
3605;39335,96
3606;166518,05
3607;196423,62
3608;99785,16
3609;67863,96
3610;27773,95
3611;27648,28
3612;28402,32
3613;116625,47
3614;99771,9
3615;502696,0
3616;222317,31
3617;9425,55
3618;23878,06
3619;11184,99
3620;67863,96
3621;16463,29
3622;17971,38
3623;51589,18
3624;8922,85
3625;75499,32
3626;81939,45
3627;113609,3
3628;35113,32
3629;38833,27
3630;23403,64
3631;13572,79
3632;193663,63
3633;12441,73
3634;110718,79
3635;74901,7
3636;28721,54
3637;6912,07
3638;74311,04
3639;22369,97
3640;136177,83
3641;51400,67
3642;40718,38
3643;14568,13
3644;45871,01
3645;56301,95
3646;97774,37
3647;44237,25
3648;235136,05
3649;20987,56
3650;73393,62
3651;79300,29
3652;32322,72
3653;56867,49
3654;15558,44
3655;43985,9
3656;46285,73
3657;60072,17
3658;38833,27
3659;31795,52
3660;26991,57
3661;65350,48
3662;87092,08
3663;59066,78
3664;18851,1
3665;177326,01
3666;50018,25
3667;12693,07
3668;247166,3
3669;155333,06
3670;19479,47
3671;99282,46
3672;15709,25
3673;40969,72
3674;126135,22
3675;126679,39
3676;34434,68
3677;26919,37
3678;37306,96
3679;51797,49
3680;242726,76
3681;30312,57
3682;125674,0
3683;192532,57
3684;21364,58
3685;11562,01
3686;11562,01
3687;106068,86
3688;88851,52
3689;211817,24
3690;6283,7
3691;18348,4
3692;196443,54
3693;29784,74
3694;71102,73
3695;79741,41
3696;42792,0
3697;36194,11
3698;61932,15
3699;254615,52
3700;202712,16
3701;31921,2
3702;502696,0
3703;25134,8
3704;502696,0
3705;16588,97
3706;48510,16
3707;7289,09
3708;69623,4
3709;16463,29
3710;10430,94
3711;9798,8
3712;224202,42
3713;39210,29
3714;13949,81
3715;317394,71
3716;137424,52
3717;95449,4
3718;17468,69
3719;453557,47
3720;17343,01
3721;16840,32
3722;274472,02
3723;185927,96
3724;36571,13
3725;41288,94
3726;49515,56
3727;109085,03
3728;145781,84
3729;225961,85
3730;10556,62
3731;220046,38
3732;132963,09
3733;71257,16
3734;17091,66
3735;20497,43
3736;39587,31
3737;124794,28
3738;10556,62
3739;18637,45
3740;35251,56
3741;103178,35
3742;10996,48
3743;64345,09
3744;221044,23
3745;6409,37
3746;12316,05
3747;39084,61
3748;11750,52
3749;44111,57
3750;57508,42
3751;110216,1
3752;60738,24
3753;8545,83
3754;25944,14
3755;17720,03
3756;42980,51
3757;19730,82
3758;47963,48
3759;311671,52
3760;65853,18
3761;62837,0
3762;347991,31
3763;51526,34
3764;54474,65
3765;70503,11
3766;62837,0
3767;11813,36
3768;18851,1
3769;83070,51
3770;23501,04
3771;75473,16
3772;38633,44
3773;104686,44
3774;85709,67
3775;16617,37
3776;17091,66
3777;15062,41
3778;121778,11
3779;74021,99
3780;53034,43
3781;311269,36
3782;15206,55
3783;298054,84
3784;76539,88
3785;6283,7
3786;21492,84
3787;60700,54
3788;118526,54
3789;18474,08
3790;22495,65
3791;82819,17
3792;192532,57
3793;205476,99
3794;25511,82
3795;45682,5
3796;8168,81
3797;291563,68
3798;106194,53
3799;19730,82
3800;68869,35
3801;6283,7
3802;40969,72
3803;18474,08
3804;125171,3
3805;69120,7
3806;19856,49
3807;19039,61
3808;92684,58
3809;27396,93
3810;36571,13
3811;100394,69
3812;74533,47
3813;14248,6
3814;264895,66
3815;67989,63
3816;64030,9
3817;30161,76
3818;213645,8
3819;127362,04
3820;43734,55
3821;131832,03
3822;73906,38
3823;26768,56
3824;28402,32
3825;48007,47
3826;174651,67
3827;22118,62
3828;67361,26
3829;55510,21
3830;16450,73
3831;57810,04
3832;57810,04
3833;25134,8
3834;103681,05
3835;36696,81
3836;48007,47
3837;52657,41
3838;10053,92
3839;48635,84
3840;22621,32
3841;154578,27
3842;352275,58
3843;373628,8
3844;25637,5
3845;43073,44
3846;52029,04
3847;15206,55
3848;114991,71
3849;78923,27
3850;19165,29
3851;107093,1
3852;99031,11
3853;62334,3
3854;44991,29
3855;71131,48
3856;12567,4
3857;197795,8
3858;68492,33
3859;8545,83
3860;49628,66
3861;15960,6
3862;255909,97
3863;152191,21
3864;153447,95
3865;32800,91
3866;502696,0
3867;120540,24
3868;16840,32
3869;22244,3
3870;51400,67
3871;86962,64
3872;40215,68
3873;85030,11
3874;38958,94
3875;125674,0
3876;394333,59
3877;27522,61
3878;13070,1
3879;53160,1
3880;49641,23
3881;112101,21
3882;15080,88
3883;116248,45
3884;138835,84
3885;26970,9
3886;31782,95
3887;33257,11
3888;27087,94
3889;72388,22
3890;82442,14
3891;272032,68
3892;46248,03
3893;117002,49
3894;65601,83
3895;43724,06
3896;283080,69
3897;29784,74
3898;82002,29
3899;19982,17
3900;42603,49
3901;53914,15
3902;39210,29
3903;100160,92
3904;66858,57
3905;122406,48
3906;21741,6
3907;106822,9
3908;153573,63
3909;502696,0
3910;19605,14
3911;33931,98
3912;20070,14
3913;12064,7
3914;64219,41
3915;126553,72
3916;19102,45
3917;13824,14
3918;28025,3
3919;14703,86
3920;262817,01
3921;51149,32
3922;20359,19
3923;41472,42
3924;20861,88
3925;14955,21
3926;116429,42
3927;151789,06
3928;151789,06
3929;151789,06
3930;316824,15
3931;30161,76
3932;48007,47
3933;245984,23
3934;125674,0
3935;77917,88
3936;43608,88
3937;42601,9
3938;44865,62
3939;14556,82
3940;207472,69
3941;75530,07
3942;120395,69
3943;25511,82
3944;21992,95
3945;32926,59
3946;57181,67
3947;269947,75
3948;34434,68
3949;78294,9
3950;100664,87
3951;169282,88
3952;502696,0
3953;502696,0
3954;502696,0
3955;238277,9
3956;39084,61
3957;502696,0
3958;455635,88
3959;50772,3
3960;106822,9
3961;30413,11
3962;115048,26
3963;25386,15
3964;28905,02
3965;63339,7
3966;51526,34
3967;43860,23
3968;203340,53
3969;86840,73
3970;25393,98
3971;25386,15
3972;33052,26
3973;67612,61
3974;67109,92
3975;37702,2
3976;38833,27
3977;47756,12
3978;6786,4
3979;33680,63
3980;284274,59
3981;57558,69
3982;54039,82
3983;25386,15
3984;66104,52
3985;26265,87
3986;109729,99
3987;52531,73
3988;8922,85
3989;178582,75
3990;330396,95
3991;85835,34
3992;37199,5
3993;18348,4
3994;9174,2
3995;94632,52
3996;12316,05
3997;50897,97
3998;16337,62
3999;26391,54
4000;39084,61
4001;175943,6
4002;80808,38
4003;56678,97
4004;35063,05
4005;339822,5
4006;17498,76
4007;68115,31
4008;10789,11
4009;309660,74
4010;84075,91
4011;12693,07
4012;502696,0
4013;15080,88
4014;57810,04
4015;67361,26
4016;24003,73
4017;172424,73
4018;31669,85
4019;70628,79
4020;125674,0
4021;267936,97
4022;36334,99
4023;125674,0
4024;54668,19
4025;31795,52
4026;77540,86
4027;57433,02
4028;78797,6
4029;98528,42
4030;16274,78
4031;57307,34
4032;52406,06
4033;45368,31
4034;279121,95
4035;96341,69
4036;275477,41
4037;64596,44
4038;24129,41
4039;51274,99
4040;502696,0
4041;251348,0
4042;39335,96
4043;21741,6
4044;4147,24
4045;19856,49
4046;62208,63
4047;101167,57
4048;90736,63
4049;49389,88
4050;18851,1
4051;25134,8
4052;40090,01
4053;27271,26
4054;30312,57
4055;72393,95
4056;50520,95
4057;27625,7
4058;53411,45
4059;124064,12
4060;22495,65
4061;7414,77
4062;174636,59
4063;295761,19
4064;46373,71
4065;502696,0
4066;10933,64
4067;28402,32
4068;10456,08
4069;158682,72
4070;62962,67
4071;124668,61
4072;29407,72
4073;163038,87
4074;77792,21
4075;74414,09
4076;20107,84
4077;243774,88
4078;19165,29
4079;314,19
4080;40969,72
4081;311696,29
4082;31921,2
4083;20233,51
4084;64470,76
4085;33931,98
4086;16130,26
4087;79551,64
4088;70126,09
4089;135225,22
4090;226989,87
4091;270324,77
4092;115117,38
4093;119390,3
4094;75140,48
4095;61065,0
4096;39335,96
4097;401665,46
4098;11310,66
4099;19228,12
4100;22746,99
4101;50143,93
4102;99910,83
4103;19353,8
4104;31795,52
4105;113860,64
4106;9551,22
4107;67612,61
4108;101670,27
4109;6283,7
4110;161616,76
4111;37702,2
4112;45242,64
4113;86086,69
4114;192281,22
4115;13698,47
4116;11562,01
4117;90485,28
4118;93752,8
4119;31669,85
4120;32549,57
4121;23249,69
4122;17211,05
4123;53662,8
4124;10430,94
4125;18599,75
4126;64018,34
4127;31041,48
4128;106068,86
4129;115117,38
4130;26140,19
4131;48133,14
4132;27899,63
4133;105566,16
4134;59695,15
4135;17343,01
4136;47002,08
4137;98402,74
4138;39335,96
4139;35942,76
4140;43985,9
4141;109839,08
4142;60323,52
4143;96140,61
4144;17720,03
4145;25888,84
4146;22998,34
4147;12818,75
4148;502696,0
4149;43734,55
4150;106822,9
4151;99132,91
4152;41975,12
4153;134332,94
4154;502696,0
4155;23375,36
4156;16714,64
4157;89251,16
4158;66732,89
4159;28402,32
4160;231617,18
4161;44111,57
4162;198954,51
4163;55319,24
4164;12693,07
4165;138241,4
4166;56176,28
4167;74776,03
4168;202308,3
4169;387955,64
4170;34811,7
4171;23124,02
4172;120018,67
4173;25260,47
4174;71131,48
4175;12944,42
4176;31167,15
4177;41975,12
4178;9802,57
4179;8545,83
4180;102549,98
4181;63088,35
4182;129569,89
4183;13558,97
4184;62585,65
4185;121652,43
4186;368224,82
4187;64093,74
4188;125674,0
4189;10053,92
4190;96643,31
4191;322821,32
4192;95260,89
4193;9071,63
4194;20107,84
4195;44390,57
4196;231994,2
4197;199821,66
4198;436591,48
4199;436591,48
4200;18976,77
4201;81625,26
4202;19730,82
4203;43985,9
4204;12944,42
4205;12441,73
4206;436717,15
4207;255681,24
4208;57307,34
4209;21364,58
4210;369230,21
4211;226213,2
4212;17720,03
4213;62334,3
4214;261904,62
4215;23431,73
4216;36905,55
4217;93250,11
4218;28025,3
4219;29876,48
4220;24129,41
4221;74021,99
4222;10305,27
4223;152819,58
4224;15960,6
4225;29156,37
4226;117882,21
4227;428326,5
4228;125674,0
4229;16463,29
4230;49641,23
4231;211633,61
4232;125674,0
4233;67486,94
4234;74399,01
4235;358611,65
4236;247124,56
4237;52657,41
4238;175943,6
4239;16840,32
4240;38958,94
4241;8671,51
4242;85206,97
4243;12316,05
4244;132209,05
4245;158600,59
4246;10682,29
4247;110970,14
4248;75278,73
4249;123286,19
4250;10807,96
4251;17594,36
4252;9425,55
4253;40844,05
4254;13824,14
4255;9676,9
4256;502696,0
4257;16840,32
4258;121379,24
4259;47881,79
4260;20610,54
4261;58036,5
4262;268942,36
4263;75027,38
4264;114111,99
4265;31041,48
4266;77415,18
4267;146912,91
4268;75278,73
4269;52657,41
4270;362725,45
4271;6220,86
4272;44111,57
4273;341204,91
4274;104183,75
4275;153950,65
4276;13195,77
4277;38958,94
4278;252333,28
4279;85019,72
4280;103304,03
4281;125674,0
4282;95637,91
4283;27773,95
4284;11687,68
4285;26014,52
4286;328637,51
4287;447022,42
4288;85949,71
4289;37953,55
4290;15457,9
4291;42603,49
4292;238277,9
4293;22118,62
4294;25009,13
4295;42729,16
4296;34937,37
4297;225425,22
4298;313906,0
4299;86840,73
4300;32046,87
4301;60418,57
4302;8420,16
4303;236769,82
4304;343592,72
4305;52531,73
4306;21929,16
4307;11117,62
4308;31418,5
4309;238819,56
4310;112603,9
4311;293448,79
4312;150808,8
4313;111472,84
4314;258008,72
4315;74273,33
4316;502696,0
4317;85961,02
4318;13824,14
4319;16840,32
4320;18348,4
4321;105189,14
4322;79740,15
4323;23124,02
4324;100679,95
4325;86212,36
4326;26014,52
4327;45368,31
4328;271455,84
4329;16840,32
4330;19534,77
4331;32147,41
4332;61907,95
4333;129946,92
4334;66858,57
4335;29910,41
4336;70063,26
4337;16463,29
4338;50269,6
4339;502696,0
4340;28276,65
4341;62585,65
4342;55924,93
4343;102974,26
4344;90108,26
4345;9186,77
4346;442138,71
4347;55081,66
4348;73016,59
4349;25763,17
4350;92998,76
4351;60449,19
4352;24255,08
4353;44237,25
4354;125674,0
4355;28779,35
4356;35314,39
4357;261527,59
4358;62962,67
4359;27145,58
4360;30287,43
4361;71005,81
4362;116122,78
4363;81688,1
4364;56427,63
4365;152191,21
4366;61580,26
4367;502696,0
4368;91113,65
4369;52280,38
4370;162245,13
4371;41095,4
4372;12567,4
4373;156459,45
4374;31732,69
4375;473896,55
4376;21113,23
4377;26768,56
4378;21238,91
4379;70377,44
4380;292569,07
4381;125674,0
4382;160385,33
4383;117253,84
4384;115620,08
4385;39712,98
4386;16588,97
4387;486609,73
4388;16840,32
4389;106948,57
4390;20512,42
4391;168277,49
4392;125674,0
4393;23878,06
4394;13321,44
4395;465598,9
4396;37862,25
4397;165638,33
4398;69120,7
4399;125674,0
4400;55045,21
4401;60449,19
4402;22244,3
4403;66607,22
4404;113106,6
4405;37702,2
4406;43294,69
4407;14075,49
4408;9676,9
4409;220576,49
4410;92873,09
4411;30086,36
4412;60197,85
4413;163627,55
4414;62275,24
4415;160988,39
4416;441250,21
4417;23501,04
4418;37576,53
4419;10305,27
4420;119388,41
4421;15834,92
4422;54291,17
4423;17594,36
4424;10179,59
4425;427900,53
4426;34686,02
4427;28528,0
4428;21741,6
4429;190125,91
4430;47655,58
4431;375011,22
4432;37576,53
4433;74776,03
4434;303125,69
4435;43124,95
4436;305639,17
4437;349122,37
4438;74273,33
4439;13195,77
4440;169534,23
4441;20233,51
4442;73142,27
4443;48761,51
4444;107137,09
4445;182682,32
4446;75655,75
4447;40090,01
4448;87594,78
4449;47881,79
4450;17845,71
4451;54156,7
4452;17217,34
4453;188511,0
4454;88348,82
4455;22998,34
4456;10053,92
4457;11276,73
4458;205225,64
4459;15457,9
4460;31795,52
4461;60197,85
4462;428019,25
4463;329642,9
4464;41849,44
4465;122280,8
4466;318041,94
4467;100287,85
4468;344481,68
4469;18976,77
4470;29156,37
4471;43483,2
4472;27648,28
4473;45493,99
4474;10682,29
4475;24380,76
4476;17468,69
4477;31292,83
4478;295836,6
4479;246949,41
4480;23878,06
4481;224328,09
4482;45368,31
4483;23501,04
4484;125674,0
4485;164507,27
4486;271078,82
4487;167498,31
4488;40935,79
4489;151273,79
4490;4398,59
4491;230333,48
4492;15080,88
4493;52531,73
4494;36445,46
4495;111472,84
4496;57056,0
4497;30161,76
4498;79174,62
4499;117379,52
4500;370235,6
4501;110833,13
4502;29282,04
4503;60848,84
4504;119578,81
4505;8583,53
4506;56678,97
4507;50395,27
4508;70628,79
4509;109839,08
4510;37325,18
4511;79174,62
4512;83698,88
4513;122532,15
4514;102424,31
4515;236055,99
4516;334041,49
4517;48887,19
4518;48887,19
4519;12818,75
4520;13278,71
4521;69402,21
4522;93752,8
4523;30790,13
4524;154579,02
4525;28779,35
4526;39587,31
4527;84704,28
4528;66481,55
4529;65393,21
4530;51777,69
4531;31795,52
4532;10556,62
4533;435963,11
4534;16714,64
4535;52908,75
4536;117253,84
4537;131706,35
4538;236141,45
4539;11310,66
4540;56930,32
4541;29910,41
4542;32675,24
4543;109839,08
4544;15834,92
4545;119464,45
4546;114237,67
4547;53914,15
4548;79928,66
4549;22998,34
4550;36445,46
4551;35455,63
4552;53160,1
4553;246698,06
4554;26517,21
4555;18554,51
4556;43483,2
4557;195012,12
4558;77917,88
4559;12944,42
4560;312299,89
4561;418745,77
4562;12441,73
4563;12441,73
4564;71382,83
4565;102298,64
4566;13824,14
4567;103618,21
4568;45368,31
4569;16086,27
4570;38079,22
4571;182836,72
4572;56678,97
4573;51274,99
4574;94758,2
4575;166965,45
4576;502696,0
4577;271455,84
4578;170916,64
4579;139623,81
4580;108770,85
4581;25436,42
4582;107541,76
4583;25332,66
4584;85458,32
4585;95782,44
4586;68995,03
4587;29784,74
4588;207362,1
4589;27497,47
4590;17658,45
4591;17217,34
4592;15583,58
4593;69246,37
4594;50772,3
4595;100539,2
4596;8922,85
4597;48133,14
4598;114614,69
4599;121815,81
4600;36948,16
4601;14452,51
4602;18348,4
4603;59820,82
4604;66858,57
4605;24408,4
4606;207236,43
4607;37576,53
4608;27145,58
4609;125674,0
4610;19982,17
4611;61033,05
4612;39712,98
4613;164507,27
4614;51023,64
4615;90736,63
4616;35942,76
4617;391977,21
4618;206733,73
4619;38173,48
4620;5403,98
4621;13949,81
4622;159857,33
4623;125674,0
4624;106822,9
4625;285665,22
4626;111975,53
4627;39964,33
4628;84578,6
4629;59443,8
4630;8475,61
4631;152065,54
4632;178331,41
4633;32549,57
4634;98528,42
4635;244129,29
4636;288547,5
4637;23023,43
4638;18851,1
4639;42006,64
4640;438350,91
4641;61328,91
4642;11813,36
4643;27219,73
4644;31418,5
4645;31669,85
4646;44111,57
4647;25009,13
4648;70595,48
4649;103626,68
4650;74147,66
4651;19043,38
4652;125674,0
4653;67698,27
4654;473162,61
4655;126805,07
4656;54793,86
4657;107325,6
4658;86526,55
4659;70377,44
4660;213645,8
4661;37953,55
4662;294090,91
4663;25637,5
4664;273269,32
4665;191150,15
4666;15084,65
4667;11562,01
4668;11310,66
4669;47756,12
4670;40844,05
4671;141006,23
4672;26265,87
4673;51274,99
4674;105566,16
4675;96391,96
4676;13824,14
4677;15834,92
4678;55924,93
4679;40467,03
4680;11184,99
4681;18524,35
4682;114740,36
4683;185243,48
4684;75781,42
4685;125311,05
4686;502696,0
4687;35817,09
4688;17720,03
4689;106194,53
4690;34560,35
4691;445011,63
4692;72136,88
4693;190521,78
4694;10592,5
4695;148043,97
4696;14326,84
4697;25009,13
4698;111347,16
4699;95009,54
4700;11562,01
4701;32298,22
4702;67863,96
4703;197056,83
4704;44865,62
4705;55422,23
4706;203089,18
4707;107325,6
4708;125422,65
4709;37944,52
4710;50269,6
4711;20736,21
4712;33680,63
4713;12316,05
4714;63842,39
4715;256374,96
4716;43860,23
4717;27648,28
4718;67989,63
4719;21364,58
4720;125674,0
4721;81059,73
4722;109839,08
4723;21461,35
4724;48761,51
4725;43734,55
4726;107756,04
4727;34318,31
4728;254489,85
4729;272838,25
4730;23410,94
4731;151711,29
4732;34434,68
4733;31544,17
4734;26611,47
4735;31950,1
4736;254741,2
4737;20233,51
4738;16211,95
4739;52657,41
4740;167272,09
4741;67361,26
4742;31544,17
4743;20987,56
4744;97900,05
4745;135979,27
4746;18097,06
4747;55422,23
4748;111437,84
4749;15707,21
4750;103429,7
4751;489248,88
4752;381452,01
4753;48133,14
4754;18222,73
4755;36571,13
4756;250065,42
4757;125296,98
4758;101418,92
4759;20107,84
4760;75153,05
4761;12167,76
4762;21992,95
4763;449787,25
4764;72845,68
4765;84829,95
4766;24255,08
4767;27019,91
4768;21364,58
4769;40592,7
4770;19730,82
4771;105189,14
4772;186248,87
4773;125674,0
4774;144650,77
4775;10807,96
4776;8922,85
4777;8922,85
4778;26140,19
4779;19479,47
4780;26920,16
4781;10921,07
4782;103178,35
4783;19380,5
4784;18348,4
4785;40341,35
4786;150934,47
4787;83698,88
4788;13452,31
4789;46625,05
4790;60197,85
4791;203340,53
4792;51274,99
4793;26391,54
4794;82693,49
4795;106445,88
4796;19856,49
4797;120395,69
4798;12944,42
4799;38456,24
4800;156087,11
4801;26720,3
4802;18960,44
4803;181069,13
4804;31512,76
4805;125674,0
4806;22244,3
4807;30487,26
4808;292317,72
4809;11893,79
4810;45745,34
4811;24003,73
4812;48364,38
4813;22495,65
4814;314,19
4815;46373,71
4816;233250,94
4817;151060,15
4818;219301,13
4819;85961,02
4820;21831,06
4821;24380,76
4822;39335,96
4823;100765,41
4824;78043,55
4825;113357,95
4826;13447,12
4827;334292,84
4828;11184,99
4829;34897,32
4830;77666,53
4831;45871,01
4832;17845,71
4833;107233,89
4834;125674,0
4835;30790,13
4836;46449,11
4837;6535,05
4838;52623,05
4839;54039,82
4840;324398,07
4841;125674,0
4842;17971,38
4843;197810,88
4844;31041,48
4845;14075,49
4846;13196,99
4847;252484,28
4848;14201,16
4849;85332,65
4850;10027,94
4851;56398,72
4852;71005,81
4853;42037,95
4854;56804,65
4855;30790,13
4856;14075,49
4857;107702,62
4858;57935,71
4859;17845,71
4860;193663,63
4861;26155,27
4862;34297,74
4863;23752,39
4864;16714,64
4865;34434,68
4866;26138,13
4867;38958,94
4868;79551,64
4869;88455,64
4870;63465,37
4871;31669,85
4872;49012,86
4873;32675,24
4874;11436,33
4875;134094,16
4876;39964,33
4877;261024,9
4878;90359,61
4879;59820,82
4880;59407,36
4881;22945,56
4882;111849,86
4883;105006,91
4884;60197,85
4885;29659,06
4886;37199,5
4887;76880,87
4888;74273,33
4889;50018,25
4890;31292,83
4891;32298,22
4892;463862,73
4893;68366,66
4894;46122,36
4895;19353,8
4896;24632,1
4897;129695,57
4898;51506,23
4899;211286,79
4900;66607,22
4901;72765,25
4902;167774,79
4903;56553,3
4904;17594,36
4905;68366,66
4906;37073,83
4907;450283,66
4908;11939,03
4909;97397,35
4910;43269,56
4911;77055,38
4912;18976,77
4913;30059,25
4914;100287,85
4915;7540,44
4916;220809,22
4917;31795,52
4918;20987,56
4919;36822,48
4920;74147,66
4921;159480,31
4922;14077,36
4923;317783,05
4924;121149,74
4925;123286,19
4926;111849,86
4927;16588,97
4928;502696,0
4929;177577,36
4930;125674,0
4931;54039,82
4932;309158,04
4933;20459,73
4934;163124,85
4935;61494,8
4936;9048,53
4937;131200,09
4938;33806,31
4939;457579,03
4940;144902,12
4941;502696,0
4942;26642,89
4943;27019,91
4944;43734,55
4945;63968,07
4946;45368,31
4947;29784,74
4948;124291,59
4949;16840,32
4950;101167,57
4951;62837,0
4952;16211,95
4953;350002,09
4954;55296,56
4955;39225,37
4956;54291,17
4957;113106,6
4958;75150,9
4959;30790,13
4960;206482,38
4961;176446,3
4962;75278,73
4963;37827,87
4964;45242,64
4965;171167,99
4966;233627,97
4967;34674,71
4968;31544,17
4969;65224,81
4970;502696,0
4971;16714,64
4972;14361,64
4973;228475,33
4974;29533,39
4975;18976,77
4976;256123,61
4977;46373,71
4978;67235,59
4979;185080,73
4980;20359,19
4981;27396,93
4982;75349,1
4983;13572,79
4984;16211,95
4985;86999,08
4986;94255,5
4987;74147,66
4988;35063,05
4989;122532,15
4990;164004,57
4991;125674,0
4992;13196,03
4993;15457,9
4994;29784,74
4995;22746,99
4996;28025,3
4997;78546,25
4998;179965,17
4999;49892,58
5000;63010,43
5001;21867,28
5002;68988,74
5003;24129,41
5004;48540,33
5005;15583,58
5006;14075,49
5007;22746,99
5008;70377,44
5009;77540,86
5010;17971,38
5011;16320,03
5012;27271,26
5013;37576,53
5014;6351582,01
