Итерация;Выплаты;Доля_в_выплатах;Восст_прем;Премия_Re;Фин_рез;Процент_доли
1;12990920,520000001;1608088,0;140423,97;4000000,0;2532335,97;0,12378553140435962
2;10425485,489999998;1602696,0;140327,99;4000000,0;2537631,99;0,15372866822722903
3;14737543,41;1608088,0;140423,97;4000000,0;2532335,97;0,10911506451671242
4;15911770,380000003;1715823,5;142341,66;4000000,0;2426518,16;0,1078336011030345
5;15367949,73;1744546,0;142852,92;4000000,0;2398306,92;0,11351846086498098
6;15692212,98;1705039,5;142149,7;4000000,0;2437110,2;0,10865513373882336
7;11760509,32;1602696,0;140327,99;4000000,0;2537631,99;0,136277771344005
8;14304923,25;1741850,0;142804,93;4000000,0;2400954,93;0,1217657703965661
9;14034501,16;1608088,0;140423,97;4000000,0;2532335,97;0,11458105861170487
10;15254092,55;1828017,5;144338,71;4000000,0;2316321,21;0,11983783984580583
11;9916392,430000003;1605392,0;140375,98;4000000,0;2534983,98;0,16189274590860453
12;13832526,009999998;1605392,0;140375,98;4000000,0;2534983,98;0,1160592070341605
13;10796756,89;1602696,0;140327,99;4000000,0;2537631,99;0,14844235322964652
14;15642307,749999998;1608088,0;140423,97;4000000,0;2532335,97;0,10280375668992961
15;13493537,41;1602696,0;140327,99;4000000,0;2537631,99;0,11877508108527933
16;16842331,15;1608088,0;140423,97;4000000,0;2532335,97;0,09547894443341355
17;14993265,540000001;1616176,0;140567,93;4000000,0;2524391,93;0,10779346205056273
18;19331002,730000004;1616176,0;140567,93;4000000,0;2524391,93;0,0836053888447203
19;9881043,870000001;1602696,0;140327,99;4000000,0;2537631,99;0,16219905721357755
20;14379063,5;1702343,5;142101,71;4000000,0;2439758,21;0,11839042925152948
21;14673070,149999999;1602696,0;140327,99;4000000,0;2537631,99;0,1092270386235426
22;9687480,32;1705039,5;142149,7;4000000,0;2437110,2;0,1760044349695257
23;13279390,96;1705039,5;142149,7;4000000,0;2437110,2;0,12839741710564112
24;13487450,169999998;1796599,0;143779,46;4000000,0;2347180,46;0,1332052372653919
25;14896798,510000002;1710431,5;142245,68;4000000,0;2431814,18;0,11481873094086709
26;11005378,46;1602696,0;140327,99;4000000,0;2537631,99;0,14562843120980684
27;14913953,48;1618872,0;140615,92;4000000,0;2521743,92;0,10854747550144564
28;14831670,32;1707735,5;142197,69;4000000,0;2434462,19;0,11514114480397916
29;15389052,680000002;1618872,0;140615,92;4000000,0;2521743,92;0,10519633883012998
30;19645408,15;6205039,5;310449,7;4000000,0;-1894589,7999999998;0,3158519004859668
31;13082578,36;1828017,5;144338,71;4000000,0;2316321,21;0,13972914586846014
32;13601429,01;1613480,0;140519,94;4000000,0;2527039,94;0,11862577077847793
33;12383008,54;1605392,0;140375,98;4000000,0;2534983,98;0,1296447462516246
34;14958707,519999996;1602696,0;140327,99;4000000,0;2537631,99;0,10714134211509742
35;15666320,009999998;1608088,0;140423,97;4000000,0;2532335,97;0,1026461861479619
36;13002253,74;1608088,0;140423,97;4000000,0;2532335,97;0,12367763559734991
37;16298298,98;1610784,0;140471,96;4000000,0;2529687,96;0,09883141805022894
38;15421997,56;1702343,5;142101,71;4000000,0;2439758,21;0,11038411161569396
39;13263410,479999999;1613480,0;140519,94;4000000,0;2527039,94;0,12164895314315871
40;13923764,08;1602696,0;140327,99;4000000,0;2537631,99;0,11510508155636605
41;16414927,600000001;1613480,0;140519,94;4000000,0;2527039,94;0,09829345820568833
42;15852737,300000003;1605392,0;140375,98;4000000,0;2534983,98;0,10126907231346095
43;14859068,280000001;1720578,21;142426,29;4000000,0;2421848,08;0,11579314244863272
44;14166459,060000002;1733762,0;142660,96;4000000,0;2408898,96;0,12238499350168593
45;14384126,86;1608088,0;140423,97;4000000,0;2532335,97;0,11179601067561776
46;17882349,82;6317529,71;312452,03;4000000,0;-2005077,6799999997;0,35328297307629786
47;12087903,8;1602696,0;140327,99;4000000,0;2537631,99;0,13258675999721306
48;14630096,770000003;1610784,0;140471,96;4000000,0;2529687,96;0,11010070714658708
49;14412595,77;1610784,0;140471,96;4000000,0;2529687,96;0,11176224086939754
50;17663214,86;1723911,5;142485,62;4000000,0;2418574,12;0,09759896562793666
51;14974509,150000002;1728666,21;142570,26;4000000,0;2413904,05;0,11544059258863919
52;14505064,55;1956387,5;146623,7;4000000,0;2190236,2;0,13487616640768413
53;13578160,279999997;1605392,0;140375,98;4000000,0;2534983,98;0,11823339590155436
54;11857420,95;1602696,0;140327,99;4000000,0;2537631,99;0,13516396244665668
55;12735894,33;1605392,0;140375,98;4000000,0;2534983,98;0,12605255338986468
56;11571257,52;1608088,0;140423,97;4000000,0;2532335,97;0,13897262222541912
57;8677536,5;1600000,0;140280,0;4000000,0;2540280,0;0,1843841279146449
58;12083031,41;1600000,0;140280,0;4000000,0;2540280,0;0,13241710177760765
59;11580644,73;1605392,0;140375,98;4000000,0;2534983,98;0,13862716950820406
60;10887086,14;1728370,0;142564,99;4000000,0;2414194,99;0,15875414025152554
61;13614967,56;1696951,5;142005,74;4000000,0;2445054,24;0,12463867376265712
62;14748559,739999998;1605392,0;140375,98;4000000,0;2534983,98;0,10885076429842634
63;12307931,580000002;1605392,0;140375,98;4000000,0;2534983,98;0,13043556421850044
64;16103529,93;1610784,0;140471,96;4000000,0;2529687,96;0,10002676475293762
65;16612092,42;1608088,0;140423,97;4000000,0;2532335,97;0,09680225460724953
66;13890681,54;1613480,0;140519,94;4000000,0;2527039,94;0,11615556769866024
67;15671372,47;1610784,0;140471,96;4000000,0;2529687,96;0,10278512638784852
68;16355298,45;1710431,5;142245,68;4000000,0;2431814,18;0,10457965687565916
69;16230766,14;1608088,0;140423,97;4000000,0;2532335,97;0,09907653071514219
70;18337301,360000003;1616176,0;140567,93;4000000,0;2524391,93;0,08813597858654594
71;13098196,99;1605392,0;140375,98;4000000,0;2534983,98;0,12256587690852862
72;15360697,61;1600000,0;140280,0;4000000,0;2540280,0;0,10416193591093029
73;14306412,29;1705039,5;142149,7;4000000,0;2437110,2;0,11918008969948399
74;13259769,09;1608088,0;140423,97;4000000,0;2532335,97;0,12127571672516961
75;15549395,84;1836105,5;144482,68;4000000,0;2308377,18;0,11808211192853652
76;13052207,620000001;1608088,0;140423,97;4000000,0;2532335,97;0,1232042920874101
77;11167245,18;1602696,0;140327,99;4000000,0;2537631,99;0,14351757968655973
78;16605832,440000001;1705039,5;142149,7;4000000,0;2437110,2;0,10267714709037494
79;14397679,279999997;1602696,0;140327,99;4000000,0;2537631,99;0,11131627318760502
80;16056480,8;1810079,0;144019,41;4000000,0;2333940,41;0,11273198794595139
81;14194121,040000001;1602696,0;140327,99;4000000,0;2537631,99;0,1129126626075326
82;13657975,61;1608088,0;140423,97;4000000,0;2532335,97;0,1177398500274522
83;12539999,82;1626939,1;140759,52;4000000,0;2513820,42;0,12973996198988783
84;15784555,1;1828017,5;144338,71;4000000,0;2316321,21;0,11581051783968241
85;13254999,41;1608088,0;140423,97;4000000,0;2532335,97;0,12131935658833802
86;11640677,919999998;1602696,0;140327,99;4000000,0;2537631,99;0,13768064119757042
87;13664862,67;1613480,0;140519,94;4000000,0;2527039,94;0,11807509807926961
88;17095341,560000002;1613480,0;140519,94;4000000,0;2527039,94;0,09438126722049535
89;15305376,86;1610784,0;140471,96;4000000,0;2529687,96;0,10524301457808077
90;16430047,09;1741850,0;142804,93;4000000,0;2400954,93;0,10601612950094107
91;13681759,94;1702343,5;142101,71;4000000,0;2439758,21;0,12442430706761838
92;13743262,489999998;1608088,0;140423,97;4000000,0;2532335,97;0,11700918913322743
93;13308083,870000001;1610784,0;140471,96;4000000,0;2529687,96;0,12103801086128863
94;13566343,09;1605392,0;140375,98;4000000,0;2534983,98;0,11833638507811024
95;14802448,59;1608088,0;140423,97;4000000,0;2532335,97;0,10863662117944231
96;18822016,5;1616176,0;140567,93;4000000,0;2524391,93;0,0858662513657875
97;12586620,32;1699647,5;142053,73;4000000,0;2442406,23;0,13503605072596644
98;14512158,84;1608088,0;140423,97;4000000,0;2532335,97;0,11080970224551373
99;12303233,91;1605392,0;140375,98;4000000,0;2534983,98;0,1304853676475375
100;14669536,239999998;1702343,5;142101,71;4000000,0;2439758,21;0,11604617025030099
101;12467153,940000001;1725970,21;142522,27;4000000,0;2416552,06;0,13844139715499493
102;10042332,49;1602696,0;140327,99;4000000,0;2537631,99;0,15959399886390338
103;12615581,739999998;1600000,0;140280,0;4000000,0;2540280,0;0,12682728652353056
104;12322021,32;1696951,5;142005,74;4000000,0;2445054,24;0,1377169748315287
105;18948519,63;1731978,6;142629,22;4000000,0;2410650,62;0,09140442809357346
106;15916200,170000002;1610784,0;140471,96;4000000,0;2529687,96;0,10120405516362639
107;13673564,850000001;1608088,0;140423,97;4000000,0;2532335,97;0,11760561474939725
108;14140232,480000002;1602696,0;140327,99;4000000,0;2537631,99;0,11334297383489693
109;14883307,639999999;1699647,5;142053,73;4000000,0;2442406,23;0,11419823745577029
110;12683549,030000001;1723274,21;142474,28;4000000,0;2419200,07;0,13586687810517337
111;12839897,15;1605392,0;140375,98;4000000,0;2534983,98;0,12503153111316004
112;16144388,75;1605392,0;140375,98;4000000,0;2534983,98;0,09943962728226549
113;13738574,940000001;1605392,0;140375,98;4000000,0;2534983,98;0,11685287644542265
114;12775656,219999999;1600000,0;140280,0;4000000,0;2540280,0;0,12523818522098587
115;12800396,84;1605392,0;140375,98;4000000,0;2534983,98;0,12541736166985898
116;14313177,420000002;1602696,0;140327,99;4000000,0;2537631,99;0,11197346004811835
117;18575982,189999998;6205039,5;310449,7;4000000,0;-1894589,7999999998;0,3340356077290146
118;14587671,739999998;1725970,21;142522,27;4000000,0;2416552,06;0,11831704474589447
119;11536285,860000001;1602696,0;140327,99;4000000,0;2537631,99;0,13892651581711063
120;12538621,48;1605392,0;140375,98;4000000,0;2534983,98;0,12803576553935497
121;12465208,200000001;1608088,0;140423,97;4000000,0;2532335,97;0,12900610837771645
122;14963240,85;1608088,0;140423,97;4000000,0;2532335,97;0,10746923184090831
123;13972435,92;1739154,0;142756,94;4000000,0;2403602,94;0,12447035076472192
124;15338889,08;1898942,5;145601,18;4000000,0;2246658,68;0,12379921975418574
125;14638413,319999998;1629635,1;140807,5;4000000,0;2511172,4;0,11132593843169337
126;16364982,379999999;1613480,0;140519,94;4000000,0;2527039,94;0,09859344559832028
127;17131108,53;1616176,0;140567,93;4000000,0;2524391,93;0,09434158899698476
128;15090303,8;1741850,0;142804,93;4000000,0;2400954,93;0,11542842497312744
129;16489907,59;1731362,21;142618,25;4000000,0;2411256,04;0,10499526456109146
130;12902606,330000002;1608088,0;140423,97;4000000,0;2532335,97;0,12463280354923452
131;12549720,649999999;1605392,0;140375,98;4000000,0;2534983,98;0,12792252869787984
132;12556115,130000003;1616176,0;140567,93;4000000,0;2524391,93;0,1287162456911941
133;13075348,2;1600000,0;140280,0;4000000,0;2540280,0;0,12236767813189098
134;13694861,620000001;1702343,5;142101,71;4000000,0;2439758,21;0,12430527209664495
135;15423670,1;1705039,5;142149,7;4000000,0;2437110,2;0,11054693785235979
136;17042166,29;1610784,0;140471,96;4000000,0;2529687,96;0,09451756147604168
137;13218568,670000002;1613480,0;140519,94;4000000,0;2527039,94;0,12206162711563837
138;13405043,489999998;1616176,0;140567,93;4000000,0;2524391,93;0,12056477110317829
139;13085327,379999999;1605392,0;140375,98;4000000,0;2534983,98;0,12268642223302174
140;13481701,47;1608088,0;140423,97;4000000,0;2532335,97;0,11927930636784824
141;15786694,879999999;1608088,0;140423,97;4000000,0;2532335,97;0,10186350038583884
142;14850727,23;1613480,0;140519,94;4000000,0;2527039,94;0,10864653124465205
143;13515948,030000001;1605392,0;140375,98;4000000,0;2534983,98;0,1187776097123688
144;14541463,54;1710431,5;142245,68;4000000,0;2431814,18;0,11762443960987988
145;14181658,85;1605392,0;140375,98;4000000,0;2534983,98;0,11320198976581643
146;15544641,400000002;1825617,71;144296,0;4000000,0;2318678,29;0,1174435397396816
147;13629323,55;1605392,0;140375,98;4000000,0;2534983,98;0,11778955823526545
148;17401799,92;1616176,0;140567,93;4000000,0;2524391,93;0,09287407092541723
149;16951255,55;1734058,21;142666,24;4000000,0;2408608,0300000003;0,10229674167115013
150;14556198,440000001;1605392,0;140375,98;4000000,0;2534983,98;0,11028923565567988
151;14190251,71;1731066,0;142612,97;4000000,0;2411546,97;0,12198980225136541
152;10489522,07;1605392,0;140375,98;4000000,0;2534983,98;0,15304720170153566
153;14088768,719999999;1608088,0;140423,97;4000000,0;2532335,97;0,11413971170647481
154;14856788,07;1616176,0;140567,93;4000000,0;2524391,93;0,108783674666768
155;17380394,09;1613480,0;140519,94;4000000,0;2527039,94;0,09283333805004648
156;13624190,9;1605392,0;140375,98;4000000,0;2534983,98;0,11783393316956532
157;11903716,83;1608088,0;140423,97;4000000,0;2532335,97;0,13509125115839973
158;17327883,230000004;1705039,5;142149,7;4000000,0;2437110,2;0,09839860283961525
159;12013132,650000002;1705039,5;142149,7;4000000,0;2437110,2;0,14193129716252653
160;10900392,48;1605392,0;140375,98;4000000,0;2534983,98;0,14727836662263008
161;14511261,739999998;1610784,0;140471,96;4000000,0;2529687,96;0,11100233934585485
162;12723820,799999999;1605392,0;140375,98;4000000,0;2534983,98;0,126172163631855
163;12879300,600000001;1608088,0;140423,97;4000000,0;2532335,97;0,1248583327576033
164;16806362,85;1702343,5;142101,71;4000000,0;2439758,21;0,10129160694635364
165;13803932,4;1702343,5;142101,71;4000000,0;2439758,21;0,12332308292092187
166;11642419,549999999;1608088,0;140423,97;4000000,0;2532335,97;0,13812317904313973
167;15750987,829999998;1600000,0;140280,0;4000000,0;2540280,0;0,10158093049583673
168;12171031,159999998;1605392,0;140375,98;4000000,0;2534983,98;0,1319027105341829
169;13593519,93;1608088,0;140423,97;4000000,0;2532335,97;0,11829813089478437
170;16827510,89;1616176,0;140567,93;4000000,0;2524391,93;0,09604367577384465
171;18574919,65;1610784,0;140471,96;4000000,0;2529687,96;0,08671822168555114
172;13990670,680000002;1736458,0;142708,95;4000000,0;2406250,95;0,12411542232084043
173;12329272,32;1608088,0;140423,97;4000000,0;2532335,97;0,13042845986874918
174;12255400,05;1605392,0;140375,98;4000000,0;2534983,98;0,13099466304243573
175;13972758,92;1608088,0;140423,97;4000000,0;2532335,97;0,1150873645789632
176;13911970,36;1605392,0;140375,98;4000000,0;2534983,98;0,11539645057150626
177;13734810,27;1710431,5;142245,68;4000000,0;2431814,18;0,12453259028528248
178;16044911,889999999;1747517,31;142905,81;4000000,0;2395388,5;0,10891411071500749
179;14050971,420000002;1608088,0;140423,97;4000000,0;2532335,97;0,1144467490490419
180;13240292,87;1605392,0;140375,98;4000000,0;2534983,98;0,12125049013360685
181;15927222,329999998;1616176,0;140567,93;4000000,0;2524391,93;0,10147255852364309
182;15579425,259999998;1710431,5;142245,68;4000000,0;2431814,18;0,10978784335462707
183;16472544,46;1605392,0;140375,98;4000000,0;2534983,98;0,09745865333059783
184;13737403,7;1707735,5;142197,69;4000000,0;2434462,19;0,12431282775798458
185;15055231,77;1608088,0;140423,97;4000000,0;2532335,97;0,1068125701793829
186;16647863,39;1736458,0;142708,95;4000000,0;2406250,95;0,10430515672317756
187;17394735,23;1705039,5;142149,7;4000000,0;2437110,2;0,09802043419777881
188;16821829,450000003;1713127,5;142293,67;4000000,0;2429166,17;0,10183954754100778
189;11429629,619999997;1608088,0;140423,97;4000000,0;2532335,97;0,14069467283402665
190;13369923,75;1728370,0;142564,99;4000000,0;2414194,99;0,1292729885613596
191;19790259,8;6202343,5;310401,70999999996;4000000,0;-1891941,79;0,3134038442486743
192;11853735,970000003;1608088,0;140423,97;4000000,0;2532335,97;0,1356608586583863
193;17779270,750000004;1637723,1;140951,47;4000000,0;2503228,37;0,09211418865422248
194;11767597,649999999;1602696,0;140327,99;4000000,0;2537631,99;0,1361956830670532
195;17521305,0;1610784,0;140471,96;4000000,0;2529687,96;0,09193287828731936
196;10379300,04;1600000,0;140280,0;4000000,0;2540280,0;0,1541529769670287
197;14899269,780000001;1725970,21;142522,27;4000000,0;2416552,06;0,11584260406619738
198;16715840,080000002;1610784,0;140471,96;4000000,0;2529687,96;0,09636273093610499
199;15873929,7;1608088,0;140423,97;4000000,0;2532335,97;0,10130371183387564
200;16049624,14;1610784,0;140471,96;4000000,0;2529687,96;0,10036272413292788
201;13368596,09;1618872,0;140615,92;4000000,0;2521743,92;0,12109513886884139
202;14908719,500000002;1608088,0;140423,97;4000000,0;2532335,97;0,10786224799520842
203;14784983,67;1613480,0;140519,94;4000000,0;2527039,94;0,10912964369882189
204;13420120,5;1608088,0;140423,97;4000000,0;2532335,97;0,11982664388147632
205;14083024,270000001;1707735,5;142197,69;4000000,0;2434462,19;0,12126198657754637
206;14206708,899999999;1613480,0;140519,94;4000000,0;2527039,94;0,11357169428592995
207;13047492,0;1605392,0;140375,98;4000000,0;2534983,98;0,12304219079038331
208;13153810,529999997;1605392,0;140375,98;4000000,0;2534983,98;0,12204767556432183
209;15254966,220000003;1610784,0;140471,96;4000000,0;2529687,96;0,10559079428757986
210;15589795,36;1618872,0;140615,92;4000000,0;2521743,92;0,10384177358438398
211;12547937,35;1610784,0;140471,96;4000000,0;2529687,96;0,1283704209760021
212;14662618,19;1610784,0;140471,96;4000000,0;2529687,96;0,10985650578411467
213;13930006,79;1705039,5;142149,7;4000000,0;2437110,2;0,1224004787437724
214;17066107,75;1629635,1;140807,5;4000000,0;2511172,4;0,09548955883042518
215;13653955,89;1610784,0;140471,96;4000000,0;2529687,96;0,11797196453371579
216;10482212,39;1602696,0;140327,99;4000000,0;2537631,99;0,15289673022929465
217;13427100,27;1608088,0;140423,97;4000000,0;2532335,97;0,1197643547499925
218;11379226,100000001;1605392,0;140375,98;4000000,0;2534983,98;0,14108094749958433
219;14083803,27;1608088,0;140423,97;4000000,0;2532335,97;0,11417995332449712
220;15507412,190000001;1801991,0;143875,44;4000000,0;2341884,44;0,1162019154402834
221;17243741,220000003;1616176,0;140567,93;4000000,0;2524391,93;0,09372536849053918
222;13174341,879999999;1613480,0;140519,94;4000000,0;2527039,94;0,12247139285564071
223;12348315,629999999;1602696,0;140327,99;4000000,0;2537631,99;0,1297906571246268
224;17226706,33;1608088,0;140423,97;4000000,0;2532335,97;0,09334854668065849
225;14962599,77;1610784,0;140471,96;4000000,0;2529687,96;0,10765401900474679
226;14606834,92;1616176,0;140567,93;4000000,0;2524391,93;0,11064518828696394
227;14939084,05;1610784,0;140471,96;4000000,0;2529687,96;0,10782347797286808
228;14538328,22;1605392,0;140375,98;4000000,0;2534983,98;0,11042480096105575
229;19403321,14;6102696,0;308627,99;4000000,0;-1794068,0099999998;0,314518115531226
230;14551755,99;1699647,5;142053,73;4000000,0;2442406,23;0,11680016495383798
231;14354110,76;1705039,5;142149,7;4000000,0;2437110,2;0,11878405625455826
232;15961292,37;1705039,5;142149,7;4000000,0;2437110,2;0,1068233987872249
233;17392585,18;1610784,0;140471,96;4000000,0;2529687,96;0,09261325923257603
234;12479677,68;1602696,0;140327,99;4000000,0;2537631,99;0,12842447065507864
235;15968672,55;1731362,21;142618,25;4000000,0;2411256,04;0,10842242550712206
236;15370868,61;1836105,5;144482,68;4000000,0;2308377,18;0,11945359410628649
237;11162513,28;1605392,0;140375,98;4000000,0;2534983,98;0,14381994087983743
238;13154031,720000003;1602696,0;140327,99;4000000,0;2537631,99;0,12184066711373262
239;11090269,4;1608088,0;140423,97;4000000,0;2532335,97;0,14499990415020936
240;13469023,19;1613480,0;140519,94;4000000,0;2527039,94;0,11979190897807045
241;14806321,96;1608088,0;140423,97;4000000,0;2532335,97;0,10860820157391742
242;16466349,919999998;1836105,5;144482,68;4000000,0;2308377,18;0,11150652748912311
243;16020676,57;1608088,0;140423,97;4000000,0;2532335,97;0,10037578581489333
244;15114881,96;1702343,5;142101,71;4000000,0;2439758,21;0,11262697945674198
245;9262778,930000002;1600000,0;140280,0;4000000,0;2540280,0;0,17273433945594552
246;13550877,209999999;1605392,0;140375,98;4000000,0;2534983,98;0,1184714446984499
247;12763191,07;1605392,0;140375,98;4000000,0;2534983,98;0,1257829637741214
248;20088196,21;6210431,5;310545,68;4000000,0;-1899885,8200000003;0,3091582457218542
249;15194067,940000001;1608088,0;140423,97;4000000,0;2532335,97;0,10583656768879762
250;14274646,209999997;1602696,0;140327,99;4000000,0;2537631,99;0,11227570732206611
251;14267850,01;1608088,0;140423,97;4000000,0;2532335,97;0,1127071001498424
252;12791233,930000002;1602696,0;140327,99;4000000,0;2537631,99;0,12529643416505007
253;14511141,96;1608088,0;140423,97;4000000,0;2532335,97;0,11081746732494924
254;16574089,059999999;1624264,0;140711,9;4000000,0;2516447,9;0,0980001974238215
255;12379690,51;1610784,0;140471,96;4000000,0;2529687,96;0,13011504598591134
256;14274786,399999999;1822921,71;144248,01;4000000,0;2321326,3;0,12770220575769878
257;13572294,940000001;1602696,0;140327,99;4000000,0;2537631,99;0,11808585114640899
258;13025008,22;1605392,0;140375,98;4000000,0;2534983,98;0,12325458632224955
259;16127407,060000002;1605392,0;140375,98;4000000,0;2534983,98;0,09954433431408656
260;15346115,990000002;1608088,0;140423,97;4000000,0;2532335,97;0,10478794771575292
261;13128642,52;1605392,0;140375,98;4000000,0;2534983,98;0,12228164469817555
262;14239247,260000002;1613480,0;140519,94;4000000,0;2527039,94;0,11331216956478357
263;16518106,669999998;1610784,0;140471,96;4000000,0;2529687,96;0,09751626092386775
264;13470464,39;1605392,0;140375,98;4000000,0;2534983,98;0,11917866775192892
265;16473826,34;1707735,5;142197,69;4000000,0;2434462,19;0,1036635608968062
266;14528646,29;1602696,0;140327,99;4000000,0;2537631,99;0,11031282392105095
267;13010770,12;1610784,0;140471,96;4000000,0;2529687,96;0,12380389363147092
268;16665977,620000001;2027608,71;147891,44;4000000,0;2120282,73;0,12166155242922976
269;16628542,34;1616176,0;140567,93;4000000,0;2524391,93;0,09719288479738146
270;13038944,690000001;1608088,0;140423,97;4000000,0;2532335,97;0,12332961280473073
271;13420325,68;1733762,0;142660,96;4000000,0;2408898,96;0,1291892642056955
272;12312862,6;1605392,0;140375,98;4000000,0;2534983,98;0,13038332775678013
273;12874984,14;1610784,0;140471,96;4000000,0;2529687,96;0,1251095910087855
274;10192009,75;1600000,0;140280,0;4000000,0;2540280,0;0,1569857210939187
275;14152508,18;1613480,0;140519,94;4000000,0;2527039,94;0,11400664670027416
276;15896750,430000002;1608088,0;140423,97;4000000,0;2532335,97;0,1011582843349702
277;14570075,18;1610784,0;140471,96;4000000,0;2529687,96;0,11055426825875857
278;17398644,71;6100000,0;308580,0;4000000,0;-1791420,0;0,350602021115701
279;14141905,36;1610784,0;140471,96;4000000,0;2529687,96;0,11390148349854323
280;11614112,1;1602696,0;140327,99;4000000,0;2537631,99;0,1379955683396581
281;17072212,61;1613480,0;140519,94;4000000,0;2527039,94;0,09450913228756938
282;20318434,68;6102696,0;308627,99;4000000,0;-1794068,0099999998;0,3003526647654139
283;15173972,530000001;1600000,0;140280,0;4000000,0;2540280,0;0,10544371270191036
284;13885929,14;1605392,0;140375,98;4000000,0;2534983,98;0,11561286132272457
285;12147397,280000001;1613480,0;140519,94;4000000,0;2527039,94;0,13282516104552727
286;15991726,52;1616176,0;140567,93;4000000,0;2524391,93;0,101063259053282
287;12348706,780000001;1699647,5;142053,73;4000000,0;2442406,23;0,13763769196890752
288;16756950,58;1605392,0;140375,98;4000000,0;2534983,98;0,09580454345411096
289;12452581,870000001;1602696,0;140327,99;4000000,0;2537631,99;0,12870391190610175
290;11465563,91;1602696,0;140327,99;4000000,0;2537631,99;0,13978344306311577
291;18896879,64;1838801,5;144530,67;4000000,0;2305729,17;0,09730714991207934
292;14848333,82;1608088,0;140423,97;4000000,0;2532335,97;0,1083009056432973
293;18110049,78;1616176,0;140567,93;4000000,0;2524391,93;0,08924194133275319
294;20564539,72;6102696,0;308627,99;4000000,0;-1794068,0099999998;0,2967582101565267
295;16340766,299999999;1613480,0;140519,94;4000000,0;2527039,94;0,0987395554393309
296;12421492,059999999;1610784,0;140471,96;4000000,0;2529687,96;0,12967717503013082
297;14885499,629999999;1833409,5;144434,69;4000000,0;2311025,19;0,12316748148009594
298;15082008,73;1602696,0;140327,99;4000000,0;2537631,99;0,10626542052134191
299;12541102,35;1602696,0;140327,99;4000000,0;2537631,99;0,1277954644872187
300;11388535,969999999;1728370,0;142564,99;4000000,0;2414194,99;0,15176401993662053
301;13393894,950000001;1602696,0;140327,99;4000000,0;2537631,99;0,11965869569553401
302;11969109,46;1602696,0;140327,99;4000000,0;2537631,99;0,13390269387677567
303;12062652,44;1605392,0;140375,98;4000000,0;2534983,98;0,13308781032905231
304;14952354,57;1605392,0;140375,98;4000000,0;2534983,98;0,10736717033322732
305;13330520,96;1705039,5;142149,7;4000000,0;2437110,2;0,12790494123344448
306;14692717,049999999;1605392,0;140375,98;4000000,0;2534983,98;0,10926447399325642
307;17016855,78;1605392,0;140375,98;4000000,0;2534983,98;0,09434128259386353
308;13958308,910000004;1608088,0;140423,97;4000000,0;2532335,97;0,11520650605804651
309;13089191,310000002;1610784,0;140471,96;4000000,0;2529687,96;0,12306214813816482
310;12620235,46;1699647,5;142053,73;4000000,0;2442406,23;0,13467636997638077
311;16114516,45;1613480,0;140519,94;4000000,0;2527039,94;0,10012587129165766
312;14482610,219999999;1605392,0;140375,98;4000000,0;2534983,98;0,11084963108259363
313;16104473,690000001;1613480,0;140519,94;4000000,0;2527039,94;0,10018830984845428
314;13559771,09;1602696,0;140327,99;4000000,0;2537631,99;0,11819491563408097
315;12616476,48;1616176,0;140567,93;4000000,0;2524391,93;0,12810042507208796
316;10583294,8;1602696,0;140327,99;4000000,0;2537631,99;0,1514363938912483
317;12782652,89;1702343,5;142101,71;4000000,0;2439758,21;0,13317607187251096
318;16927638,79;1610784,0;140471,96;4000000,0;2529687,96;0,0951570399146023
319;14431072,19;1610784,0;140471,96;4000000,0;2529687,96;0,11161914920751291
320;17284124,57;1705039,5;142149,7;4000000,0;2437110,2;0,09864772109774259
321;14747306,329999998;1610784,0;140471,96;4000000,0;2529687,96;0,10922564188710387
322;15825573,0;1608088,0;140423,97;4000000,0;2532335,97;0,10161325596235915
323;16638899,71;1610784,0;140471,96;4000000,0;2529687,96;0,09680832435283666
324;13751331,01;1608088,0;140423,97;4000000,0;2532335,97;0,11694053461665599
325;15370867,010000002;1707735,5;142197,69;4000000,0;2434462,19;0,11110209325791309
326;12335610,53;1602696,0;140327,99;4000000,0;2537631,99;0,1299243354110662
327;16282796,690000001;1710431,5;142245,68;4000000,0;2431814,18;0,10504531454663762
328;15234357,52;1608088,0;140423,97;4000000,0;2532335,97;0,1055566667572864
329;15404302,76;1618872,0;140615,92;4000000,0;2521743,92;0,10509219568208487
330;13364285,559999999;1613480,0;140519,94;4000000,0;2527039,94;0,12073073362254616
331;13348317,48;1608088,0;140423,97;4000000,0;2532335,97;0,12047121312550621
332;11296710,15;1605392,0;140375,98;4000000,0;2534983,98;0,1421114624243059
333;13325370,99;1605392,0;140375,98;4000000,0;2534983,98;0,12047634555201228
334;12449287,59;1605392,0;140375,98;4000000,0;2534983,98;0,12895452758995987
335;13464705,98;1702343,5;142101,71;4000000,0;2439758,21;0,12643005369211932
336;13612233,57;1707735,5;142197,69;4000000,0;2434462,19;0,12545593573737068
337;13897419,41;1728666,21;142570,26;4000000,0;2413904,05;0,12438756858385697
338;13105198,89;1605392,0;140375,98;4000000,0;2534983,98;0,12250039190362871
339;14028952,11;1705039,5;142149,7;4000000,0;2437110,2;0,12153719583835688
340;13616024,51;1859436,0;144897,96;4000000,0;2285461,96;0,13656232761878306
341;10039830,71;1600000,0;140280,0;4000000,0;2540280,0;0,159365236946311
342;12500683,379999999;1613480,0;140519,94;4000000,0;2527039,94;0,12907134361801587
343;14522287,36;1613480,0;140519,94;4000000,0;2527039,94;0,11110370976710932
344;22466767,64;6108088,0;308723,97;4000000,0;-1799364,0300000003;0,2718721312239467
345;12319658,5;1600000,0;140280,0;4000000,0;2540280,0;0,12987372986028792
346;16546792,490000002;1616176,0;140567,93;4000000,0;2524391,93;0,09767306872173144
347;17690645,27;1618872,0;140615,92;4000000,0;2521743,92;0,09151005942927937
348;15791004,169999998;1610784,0;140471,96;4000000,0;2529687,96;0,10200643243829884
349;14213513,39;1608088,0;140423,97;4000000,0;2532335,97;0,11313796637581384
350;14098081,629999999;1705039,5;142149,7;4000000,0;2437110,2;0,12094124184752647
351;15098677,48;1610784,0;140471,96;4000000,0;2529687,96;0,10668378088966239
352;12395102,559999999;1608088,0;140423,97;4000000,0;2532335,97;0,1297357558935761
353;16046053,450000001;1602696,0;140327,99;4000000,0;2537631,99;0,0998810084357534
354;14868003,2;1699647,5;142053,73;4000000,0;2442406,23;0,11431578787930313
355;11930294,27;1731362,21;142618,25;4000000,0;2411256,04;0,14512317725084917
356;12433866,75;1605392,0;140375,98;4000000,0;2534983,98;0,12911446071271432
357;13269580,55;1605392,0;140375,98;4000000,0;2534983,98;0,12098287462447334
358;13532882,64;1605392,0;140375,98;4000000,0;2534983,98;0,11862897526760788
359;13258871,079999998;1610784,0;140471,96;4000000,0;2529687,96;0,12148726616927029
360;13282685,459999999;1705039,5;142149,7;4000000,0;2437110,2;0,12836557073753066
361;11569326,45;1605392,0;140375,98;4000000,0;2534983,98;0,13876278856320112
362;14050042,700000001;1713127,5;142293,67;4000000,0;2429166,17;0,12193041235383575
363;14527723,870000001;1632331,1;140855,49;4000000,0;2508524,39;0,11235972782844475
364;16240641,129999999;1715823,5;142341,66;4000000,0;2426518,16;0,10564998550645273
365;14701380,380000003;1602696,0;140327,99;4000000,0;2537631,99;0,10901670173641202
366;13965418,75;1605392,0;140375,98;4000000,0;2534983,98;0,11495480577694815
367;15728560,35;1613480,0;140519,94;4000000,0;2527039,94;0,10258281521614278
368;15074691,719999999;1739154,0;142756,94;4000000,0;2403602,94;0,11536912543907069
369;22243299,99;6105392,0;308675,98;4000000,0;-1796716,0199999996;0,274482293667973
370;14519715,36;1602696,0;140327,99;4000000,0;2537631,99;0,11038067622284299
371;13115103,9;1608088,0;140423,97;4000000,0;2532335,97;0,12261343960835873
372;23455165,82;6113480,0;308819,94;4000000,0;-1804660,0599999996;0,26064535407322054
373;13931518,75;1833409,5;144434,69;4000000,0;2311025,19;0,13160155277399316
374;17563844,96;6105392,0;308675,98;4000000,0;-1796716,0199999996;0,3476113580998041
375;13459535,05;1602696,0;140327,99;4000000,0;2537631,99;0,11907513848333118
376;21746615,11;6105392,0;308675,98;4000000,0;-1796716,0199999996;0,28075137068998324
377;13821352,29;1602696,0;140327,99;4000000,0;2537631,99;0,11595797331347815
378;16501027,690000001;1736458,0;142708,95;4000000,0;2406250,95;0,10523332440999011
379;13798901,309999999;1854340,21;144807,26;4000000,0;2290467,05;0,134383177931432
380;11093453,489999998;1608088,0;140423,97;4000000,0;2532335,97;0,1449582856636649
381;11440176,51;1602696,0;140327,99;4000000,0;2537631,99;0,1400936426635606
382;16207969,430000002;1616176,0;140567,93;4000000,0;2524391,93;0,09971489685861283
383;13507316,629999999;1602696,0;140327,99;4000000,0;2537631,99;0,1186539150522601
384;13360661,880000003;1613480,0;140519,94;4000000,0;2527039,94;0,12076347822373001
385;15364045,95;1602696,0;140327,99;4000000,0;2537631,99;0,10431471014963999
386;13933107,18;1613480,0;140519,94;4000000,0;2527039,94;0,11580187959194325
387;11989061,57;1600000,0;140280,0;4000000,0;2540280,0;0,1334549823318657
388;10975783,399999999;1699647,5;142053,73;4000000,0;2442406,23;0,15485432228919535
389;11625917,53;1600000,0;140280,0;4000000,0;2540280,0;0,13762354634559326
390;15046958,629999999;1731066,0;142612,97;4000000,0;2411546,97;0,11504424532334878
391;16509834,830000002;1602696,0;140327,99;4000000,0;2537631,99;0,09707522918931587
392;13004815,720000003;1610784,0;140471,96;4000000,0;2529687,96;0,12386057862571541
393;12179540,670000002;1600000,0;140280,0;4000000,0;2540280,0;0,13136784410441973
394;15141556,93;1705039,5;142149,7;4000000,0;2437110,2;0,11260661686789959
395;14283607,350000001;1610784,0;140471,96;4000000,0;2529687,96;0,11277151216285708
396;14432874,959999999;1744546,0;142852,92;4000000,0;2398306,92;0,1208730765585459
397;15400974,020000001;1733762,0;142660,96;4000000,0;2408898,96;0,11257482791338413
398;12627324,61;1602696,0;140327,99;4000000,0;2537631,99;0,12692284783197635
399;15685991,26;1707735,5;142197,69;4000000,0;2434462,19;0,1088701040115204
400;15809762,950000003;1613480,0;140519,94;4000000,0;2527039,94;0,10205592614530629
401;14954472,920000002;1605392,0;140375,98;4000000,0;2534983,98;0,10735196142238893
402;13958014,96;1613480,0;140519,94;4000000,0;2527039,94;0,1155952336076304
403;16100370,03;1613480,0;140519,94;4000000,0;2527039,94;0,10021384583047376
404;13429215,049999999;1707735,5;142197,69;4000000,0;2434462,19;0,12716569759600357
405;11512483,86;1600000,0;140280,0;4000000,0;2540280,0;0,13897956509274098
406;21781816,0;6239154,0;311056,94;4000000,0;-1928097,0599999996;0,2864386513961921
407;15880468,08;1710431,5;142245,68;4000000,0;2431814,18;0,10770661742358416
408;12899671,27;1705039,5;142149,7;4000000,0;2437110,2;0,13217697290979105
409;11896024,669999998;1605392,0;140375,98;4000000,0;2534983,98;0,1349519729938489
410;13063795,26;1699647,5;142053,73;4000000,0;2442406,23;0,13010365411988248
411;15297854,16;1736458,0;142708,95;4000000,0;2406250,95;0,11350990680381803
412;16241718,05;1608088,0;140423,97;4000000,0;2532335,97;0,09900972268140068
413;11202480,36;1605392,0;140375,98;4000000,0;2534983,98;0,1433068345946201
414;13108001,98;1610784,0;140471,96;4000000,0;2529687,96;0,12288554750431918
415;14132604,35;1608088,0;140423,97;4000000,0;2532335,97;0,11378568027343099
416;11410942,74;1605392,0;140375,98;4000000,0;2534983,98;0,14068881393755903
417;12175778,440000001;1702343,5;142101,71;4000000,0;2439758,21;0,13981393537906722
418;15154886,43;1702343,5;142101,71;4000000,0;2439758,21;0,11232967715482907
419;13431046,0;1602696,0;140327,99;4000000,0;2537631,99;0,11932771282296256
420;13784289,59;1605392,0;140375,98;4000000,0;2534983,98;0,11646534190377525
421;13673070,87;1699647,5;142053,73;4000000,0;2442406,23;0,1243062013032629
422;14723555,829999998;1610784,0;140471,96;4000000,0;2529687,96;0,10940183326625116
423;14573023,27;1618872,0;140615,92;4000000,0;2521743,92;0,11108690146214252
424;15015546,71;1605392,0;140375,98;4000000,0;2534983,98;0,10691532123374813
425;14795036,18;1610784,0;140471,96;4000000,0;2529687,96;0,10887327211659445
426;13694858,700000001;1618872,0;140615,92;4000000,0;2521743,92;0,11821020102967546
427;12943108,41;1605392,0;140375,98;4000000,0;2534983,98;0,12403450153903177
428;14414880,5;1610784,0;140471,96;4000000,0;2529687,96;0,11174452677564688
429;14359549,940000001;1707735,5;142197,69;4000000,0;2434462,19;0,11892681227027369
430;14626499,73;1608088,0;140423,97;4000000,0;2532335,97;0,10994346082006867
431;14519696,469999999;1608088,0;140423,97;4000000,0;2532335,97;0,11075217745237068
432;12042034,47;1608088,0;140423,97;4000000,0;2532335,97;0,1335395612764759
433;13339114,4;1707735,5;142197,69;4000000,0;2434462,19;0,1280246535707048
434;15278197,089999996;1608088,0;140423,97;4000000,0;2532335,97;0,10525378030713704
435;13329765,81;1605392,0;140375,98;4000000,0;2534983,98;0,12043662453511626
436;14291175,450000001;1608088,0;140423,97;4000000,0;2532335,97;0,1125231444835421
437;13942789,76;1608088,0;140423,97;4000000,0;2532335,97;0,1153347377160767
438;14045240,01;1629635,1;140807,5;4000000,0;2511172,4;0,11602757224794481
439;14917531,7;1605392,0;140375,98;4000000,0;2534983,98;0,10761780382206261
440;15796492,46;1610784,0;140471,96;4000000,0;2529687,96;0,10197099160328406
441;14674829,41;1608088,0;140423,97;4000000,0;2532335,97;0,1095813760468102
442;12890360,240000002;1608088,0;140423,97;4000000,0;2532335,97;0,12475120710823515
443;13842918,030000001;1605392,0;140375,98;4000000,0;2534983,98;0,11597208020164805
444;13970991,51;1605392,0;140375,98;4000000,0;2534983,98;0,11490895251428007
445;11741077,52;1602696,0;140327,99;4000000,0;2537631,99;0,13650331473154265
446;14114896,05;1731066,0;142612,97;4000000,0;2411546,97;0,12264107322278153
447;16130965,490000002;1608088,0;140423,97;4000000,0;2532335,97;0,09968950717778764
448;15155474,99;1826234,1;144306,97;4000000,0;2318072,87;0,12049995801550263
449;15929660,66;1610784,0;140471,96;4000000,0;2529687,96;0,10111853820243275
450;15448819,719999999;1605392,0;140375,98;4000000,0;2534983,98;0,10391680588528482
451;13179984,019999998;1600000,0;140280,0;4000000,0;2540280,0;0,12139620181421133
452;13727002,96;1605392,0;140375,98;4000000,0;2534983,98;0,11695138441202754
453;13231892,25;1608088,0;140423,97;4000000,0;2532335,97;0,12153121939154243
454;11661934,610000001;1608088,0;140423,97;4000000,0;2532335,97;0,13789204396850926
455;11839644,93;1605392,0;140375,98;4000000,0;2534983,98;0,13559460688995512
456;15681219,47;1621568,0;140663,91;4000000,0;2519095,91;0,10340828422829286
457;16531850,92;1608088,0;140423,97;4000000,0;2532335,97;0,0972721087179995
458;14450762,36;1608088,0;140423,97;4000000,0;2532335,97;0,11128049579247251
459;14403136,179999998;1632331,1;140855,49;4000000,0;2508524,39;0,11333164385869192
460;15647175,599999998;1836105,5;144482,68;4000000,0;2308377,18;0,11734421258747811
461;14906453,21;1696951,5;142005,74;4000000,0;2445054,24;0,11384005813412404
462;18637969,78;1616176,0;140567,93;4000000,0;2524391,93;0,08671416570995212
463;14099086,489999998;1699647,5;142053,73;4000000,0;2442406,23;0,12055018608514119
464;13494162,620000001;1608088,0;140423,97;4000000,0;2532335,97;0,11916915819708714
465;13033697,55;1605392,0;140375,98;4000000,0;2534983,98;0,12317241472278907
466;13445445,43;1699647,5;142053,73;4000000,0;2442406,23;0,12641065027177759
467;12898543,350000001;1605392,0;140375,98;4000000,0;2534983,98;0,12446304644159682
468;14682383,490000002;1602696,0;140327,99;4000000,0;2537631,99;0,10915775365025558
469;12527689,939999998;1610784,0;140471,96;4000000,0;2529687,96;0,12857789486447013
470;14335511,190000001;1608088,0;140423,97;4000000,0;2532335,97;0,11217514176416334
471;13849324,14;1610784,0;140471,96;4000000,0;2529687,96;0,11630776951401471
472;12186681,57;1605392,0;140375,98;4000000,0;2534983,98;0,13173331811278302
473;13426104,299999999;1605392,0;140375,98;4000000,0;2534983,98;0,11957243621293781
474;17451772,43;1713127,5;142293,67;4000000,0;2429166,17;0,09816352504431551
475;13037047,42;1605392,0;140375,98;4000000,0;2534983,98;0,12314076556453915
476;13398142,599999998;1605392,0;140375,98;4000000,0;2534983,98;0,11982198189172881
477;12849269,120000001;1600000,0;140280,0;4000000,0;2540280,0;0,12452070114319466
478;14452567,039999997;1608088,0;140423,97;4000000,0;2532335,97;0,11126660028971574
479;13984686,89;1610784,0;140471,96;4000000,0;2529687,96;0,11518198531508202
480;14416103,309999999;1705039,5;142149,7;4000000,0;2437110,2;0,11827325757420645
481;12181658,440000001;1610784,0;140471,96;4000000,0;2529687,96;0,13223027126674222
482;16922829,990000002;1608088,0;140423,97;4000000,0;2532335,97;0,09502476837208951
483;14338344,91;1608088,0;140423,97;4000000,0;2532335,97;0,11215297233354111
484;17409355,869999997;1613480,0;140519,94;4000000,0;2527039,94;0,09267890277206449
485;15824759,34;1702343,5;142101,71;4000000,0;2439758,21;0,10757468492408681
486;16168910,729999999;1610784,0;140471,96;4000000,0;2529687,96;0,09962229533566112
487;15895901,91;1605392,0;140375,98;4000000,0;2534983,98;0,10099408068126409
488;15290349,99;1707735,5;142197,69;4000000,0;2434462,19;0,11168714261719787
489;13720925,86;1610784,0;140471,96;4000000,0;2529687,96;0,11739615944546763
490;17653245,93;1705039,5;142149,7;4000000,0;2437110,2;0,09658504202348696
491;11838644,620000001;1605392,0;140375,98;4000000,0;2534983,98;0,13560606399890393
492;14892587,360000001;1707735,5;142197,69;4000000,0;2434462,19;0,1146701683675737
493;14846447,059999999;1626939,1;140759,52;4000000,0;2513820,42;0,10958440719351477
494;15435172,170000002;1736458,0;142708,95;4000000,0;2406250,95;0,11250007326610856
495;13343544,41;1605392,0;140375,98;4000000,0;2534983,98;0,12031226117079337
496;12759998,84;1605392,0;140375,98;4000000,0;2534983,98;0,12581443150037153
497;15373074,510000002;1616176,0;140567,93;4000000,0;2524391,93;0,10513030421785159
498;15879736,949999997;1707735,5;142197,69;4000000,0;2434462,19;0,10754180030671102
499;11528064,68;1608088,0;140423,97;4000000,0;2532335,97;0,13949331866517597
500;14062080,85;1610784,0;140471,96;4000000,0;2529687,96;0,11454805424475994
501;11788568,61;1605392,0;140375,98;4000000,0;2534983,98;0,13618209751421212
502;15302090,38;1618872,0;140615,92;4000000,0;2521743,92;0,10579417320106038
503;12160531,91;1605392,0;140375,98;4000000,0;2534983,98;0,13201659367217597
504;14060031,09;1616176,0;140567,93;4000000,0;2524391,93;0,11494825222324598
505;12322724,13;1605392,0;140375,98;4000000,0;2534983,98;0,13027898564178925
506;15361445,42;1702343,5;142101,71;4000000,0;2439758,21;0,11081922654124822
507;14810208,63;1602696,0;140327,99;4000000,0;2537631,99;0,10821562612923163
508;15031567,190000001;1610784,0;140471,96;4000000,0;2529687,96;0,10716008381824622
509;12238962,709999999;1605392,0;140375,98;4000000,0;2534983,98;0,13117059329613728
510;12302555,95;1602696,0;140327,99;4000000,0;2537631,99;0,13027341688293645
511;17551497,5;1613480,0;140519,94;4000000,0;2527039,94;0,09192833830845487
512;15008973,04;1733762,0;142660,96;4000000,0;2408898,96;0,11551503193319082
513;15258941,959999997;1602696,0;140327,99;4000000,0;2537631,99;0,10503323259249099
514;14493447,799999999;1629635,1;140807,5;4000000,0;2511172,4;0,11243943625339446
515;16883934,869999997;1610784,0;140471,96;4000000,0;2529687,96;0,09540335309289193
516;14383453,61;1613480,0;140519,94;4000000,0;2527039,94;0,11217611873675727
517;15470749,11;1605392,0;140375,98;4000000,0;2534983,98;0,1037695064786685
518;14894649,919999998;1624243,1;140711,53;4000000,0;2516468,4299999997;0,1090487597039139
519;12562653,870000001;1605392,0;140375,98;4000000,0;2534983,98;0,1277908327820545
520;15013657,54;1613480,0;140519,94;4000000,0;2527039,94;0,10746748390266
521;14736312,509999998;1605392,0;140375,98;4000000,0;2534983,98;0,1089412292872174
522;13529888,530000001;1605392,0;140375,98;4000000,0;2534983,98;0,11865522738345871
523;20657846,27;6105392,0;308675,98;4000000,0;-1796716,0199999996;0,2955483316218908
524;13667613,08;1610784,0;140471,96;4000000,0;2529687,96;0,11785408253596831
525;14880525,33;1618872,0;140615,92;4000000,0;2521743,92;0,10879132047416769
526;13891101,12;1605392,0;140375,98;4000000,0;2534983,98;0,11556981596574831
527;12287570,409999998;1605392,0;140375,98;4000000,0;2534983,98;0,13065170301636547
528;13975447,719999999;1825321,5;144290,72;4000000,0;2318969,22;0,130609160906367
529;20169623,669999998;2093141,71;149057,92;4000000,0;2055916,21;0,10377693427732657
530;12443650,129999999;1602696,0;140327,99;4000000,0;2537631,99;0,1287962923464162
531;13571534,149999999;1608088,0;140423,97;4000000,0;2532335,97;0,11848977294877161
532;12821047,420000002;1605392,0;140375,98;4000000,0;2534983,98;0,12521535467497708
533;13597914,57;1602696,0;140327,99;4000000,0;2537631,99;0,11786336733839327
534;12639435,670000002;1605392,0;140375,98;4000000,0;2534983,98;0,12701453149608852
535;15955613,23;1610784,0;140471,96;4000000,0;2529687,96;0,10095406405135078
536;17401629,93;1752634,0;142996,89;4000000,0;2390362,89;0,10071665740796501
537;12721023,659999998;1702343,5;142101,71;4000000,0;2439758,21;0,13382126670771402
538;15439616,690000001;1605392,0;140375,98;4000000,0;2534983,98;0,10397874715631945
539;14892708,54;1602696,0;140327,99;4000000,0;2537631,99;0,10761615294460064
540;14276251,229999997;1728666,21;142570,26;4000000,0;2413904,05;0,1210868443087773
541;13307912,16;1608088,0;140423,97;4000000,0;2532335,97;0,1208369863481275
542;15164862,790000001;1602696,0;140327,99;4000000,0;2537631,99;0,10568483356518386
543;13086105,48;1608088,0;140423,97;4000000,0;2532335,97;0,12288514733873289
544;12688828,23;1602696,0;140327,99;4000000,0;2537631,99;0,12630764409047407
545;14519209,580000002;1710431,5;142245,68;4000000,0;2431814,18;0,11780472556550835
546;13168545,03;1608088,0;140423,97;4000000,0;2532335,97;0,12211584471454703
547;15303760,120000001;1610784,0;140471,96;4000000,0;2529687,96;0,10525413279935807
548;12422410,09;1699647,5;142053,73;4000000,0;2442406,23;0,1368210747903268
549;14500405,21;1605392,0;140375,98;4000000,0;2534983,98;0,11071359570647474
550;14770581,220000003;1739154,0;142756,94;4000000,0;2403602,94;0,11774445257747276
551;14118352,86;1632331,1;140855,49;4000000,0;2508524,39;0,1156176726978334
552;16279202,5;1710431,5;142245,68;4000000,0;2431814,18;0,10506850688785277
553;12387185,159999998;1605392,0;140375,98;4000000,0;2534983,98;0,12960103358945838
554;16727032,450000001;1744546,0;142852,92;4000000,0;2398306,92;0,10429500900501928
555;15784115,760000002;1605392,0;140375,98;4000000,0;2534983,98;0,10170934022597411
556;14135809,96;1602696,0;140327,99;4000000,0;2537631,99;0,11337843424148579
557;13970831,59;1728370,0;142564,99;4000000,0;2414194,99;0,12371275030164472
558;12707278,31;1608088,0;140423,97;4000000,0;2532335,97;0,12654857797003738
559;12218217,17;1610784,0;140471,96;4000000,0;2529687,96;0,1318346185526182
560;13664849,940000001;1699647,5;142053,73;4000000,0;2442406,23;0,12438098533557697
561;13382862,549999999;1608088,0;140423,97;4000000,0;2532335,97;0,12016024180118327
562;15185213,6;1605392,0;140375,98;4000000,0;2534983,98;0,10572073875865665
563;14734930,07;1602696,0;140327,99;4000000,0;2537631,99;0,10876848362267118
564;14803412,77;1608088,0;140423,97;4000000,0;2532335,97;0,10862954542880048
565;15234745,16;1608088,0;140423,97;4000000,0;2532335,97;0,1055539809239579
566;13097212,93;1605392,0;140375,98;4000000,0;2534983,98;0,12257508590417336
567;14967214,940000001;1605392,0;140375,98;4000000,0;2534983,98;0,10726056961402866
568;13036004,89;1605392,0;140375,98;4000000,0;2534983,98;0,12315061351591744
569;13094525,81;1608088,0;140423,97;4000000,0;2532335,97;0,12280612702843646
570;13829962,54;1705039,5;142149,7;4000000,0;2437110,2;0,12328590877007539
571;13266227,33;1610784,0;140471,96;4000000,0;2529687,96;0,12141990031765873
572;14692448,280000001;1613480,0;140519,94;4000000,0;2527039,94;0,1098169596551406
573;12515473,459999999;1626939,1;140759,52;4000000,0;2513820,42;0,1299942111818437
574;11561869,25;1608088,0;140423,97;4000000,0;2532335,97;0,13908546838133462
575;16389964,32;1739154,0;142756,94;4000000,0;2403602,94;0,10611090823899975
576;13324246,430000002;1731066,0;142612,97;4000000,0;2411546,97;0,12991849175818643
577;13602582,45;1605392,0;140375,98;4000000,0;2534983,98;0,11802111885011952
578;15397933,700000001;1710431,5;142245,68;4000000,0;2431814,18;0,11108188496746156
579;14615958,579999998;1713127,5;142293,67;4000000,0;2429166,17;0,1172093838815463
580;12915378,0;1739154,0;142756,94;4000000,0;2403602,94;0,13465761513135735
581;16235239,7;1635027,1;140903,48;4000000,0;2505876,38;0,10070852849804245
582;14159686,16;1605392,0;140375,98;4000000,0;2534983,98;0,11337765412732848
583;15534101,62;1733762,0;142660,96;4000000,0;2408898,96;0,11161005910813657
584;12154904,71;1600000,0;140280,0;4000000,0;2540280,0;0,13163410476461068
585;15976632,33;1624243,1;140711,53;4000000,0;2516468,4299999997;0,10166367144533268
586;10627052,31;1602696,0;140327,99;4000000,0;2537631,99;0,15081284567423003
587;12903644,35;1605392,0;140375,98;4000000,0;2534983,98;0,12441384437257837
588;11513321,7;1602696,0;140327,99;4000000,0;2537631,99;0,13920361488726576
589;13032074,61;1822921,71;144248,01;4000000,0;2321326,3;0,13987962504459603
590;12455884,11;1608088,0;140423,97;4000000,0;2532335,97;0,12910267836459505
591;12528574,32;1610784,0;140471,96;4000000,0;2529687,96;0,12856881867465347
592;14894499,799999999;1852260,6;144770,24;4000000,0;2292509,64;0,12435869783287387
593;12574395,070000002;1602696,0;140327,99;4000000,0;2537631,99;0,12745710557668996
594;12480839,510000002;1702343,5;142101,71;4000000,0;2439758,21;0,13639655398469264
595;14639407,589999998;1608088,0;140423,97;4000000,0;2532335,97;0,10984652146023077
596;18182290,57;1610784,0;140471,96;4000000,0;2529687,96;0,0885908182909432
597;13879060,54;1608088,0;140423,97;4000000,0;2532335,97;0,11586432636167462
598;11797968,56;1602696,0;140327,99;4000000,0;2537631,99;0,13584508145188684
599;13590991,499999998;1610784,0;140471,96;4000000,0;2529687,96;0,11851850543795868
600;15306820,000000002;1721194,6;142437,26;4000000,0;2421242,6599999997;0,11244625598262735
601;15766071,649999999;1702343,5;142101,71;4000000,0;2439758,21;0,10797512137400442
602;18014811,43;1901638,5;145649,17;4000000,0;2244010,67;0,10555972275309018
603;14343853,020000001;1608088,0;140423,97;4000000,0;2532335,97;0,11210990504140009
604;10633743,06;1600000,0;140280,0;4000000,0;2540280,0;0,1504644216972457
605;16363909,86;1707735,5;142197,69;4000000,0;2434462,19;0,10435986965281414
606;18629138,630000003;6105392,0;308675,98;4000000,0;-1796716,0199999996;0,32773345677765237
607;14693370,780000001;1610784,0;140471,96;4000000,0;2529687,96;0,10962658086546972
608;15117447,2;1699647,5;142053,73;4000000,0;2442406,23;0,11242953109173089
609;13652407,8;1605392,0;140375,98;4000000,0;2534983,98;0,11759039310267307
610;11914938,24;1605392,0;140375,98;4000000,0;2534983,98;0,13473775253072567
611;13790059,029999997;1699647,5;142053,73;4000000,0;2442406,23;0,12325164789377992
612;14230572,71;1608088,0;140423,97;4000000,0;2532335,97;0,11300233889181259
613;18988422,05;1825617,71;144296,0;4000000,0;2318678,29;0,09614372933110574
614;15596863,459999997;1702343,5;142101,71;4000000,0;2439758,21;0,10914652836231217
615;14769450,53;1605392,0;140375,98;4000000,0;2534983,98;0,10869679929792216
616;13790871,57;1610784,0;140471,96;4000000,0;2529687,96;0,11680073966492605
617;12962923,84;1613480,0;140519,94;4000000,0;2527039,94;0,12446883279690703
618;14124780,55;1699647,5;142053,73;4000000,0;2442406,23;0,1203308960435495
619;11063889,61;1608088,0;140423,97;4000000,0;2532335,97;0,1453456294924114
620;13966164,620000001;1733762,0;142660,96;4000000,0;2408898,96;0,12414016640740412
621;17050513,919999998;1705039,5;142149,7;4000000,0;2437110,2;0,09999930254301685
622;15021328,73;1610784,0;140471,96;4000000,0;2529687,96;0,10723312357734414
623;11863962,370000001;1608088,0;140423,97;4000000,0;2532335,97;0,13554392283528457
624;11502647,079999998;1602696,0;140327,99;4000000,0;2537631,99;0,1393327978206561
625;12815333,100000001;1608088,0;140423,97;4000000,0;2532335,97;0,12548156083434148
626;13662050,279999997;1723274,21;142474,28;4000000,0;2419200,07;0,12613584159639035
627;12078928,879999999;1710431,5;142245,68;4000000,0;2431814,18;0,14160456750698247
628;15878158,419999998;1610784,0;140471,96;4000000,0;2529687,96;0,1014465253080653
629;13029784,16;1728370,0;142564,99;4000000,0;2414194,99;0,1326476309028898
630;13511097,52;1702343,5;142101,71;4000000,0;2439758,21;0,12599594499855257
631;15919653,970000003;1731066,0;142612,97;4000000,0;2411546,97;0,10873766498079228
632;18399552,520000003;1613480,0;140519,94;4000000,0;2527039,94;0,08769126304817329
633;14094163,02;1602696,0;140327,99;4000000,0;2537631,99;0,11371345696269661
634;12917752,030000003;1608088,0;140423,97;4000000,0;2532335,97;0,12448667510147271
635;11711977,989999998;1610784,0;140471,96;4000000,0;2529687,96;0,1375330453468518
636;12198093,85;1608088,0;140423,97;4000000,0;2532335,97;0,13183108933040386
637;12827159,7;1731066,0;142612,97;4000000,0;2411546,97;0,13495318063280992
638;15670659,489999998;1830713,5;144386,7;4000000,0;2313673,2;0,11682427923140332
639;14505310,709999999;1610784,0;140471,96;4000000,0;2529687,96;0,11104787978719555
640;14675234,820000002;1608088,0;140423,97;4000000,0;2532335,97;0,10957834881172959
641;17616488,090000004;1608088,0;140423,97;4000000,0;2532335,97;0,0912831202101417
642;13835278,04;1605392,0;140375,98;4000000,0;2534983,98;0,11603612123721369
643;13351008,97;1608088,0;140423,97;4000000,0;2532335,97;0,12044692679133148
644;15436081,42;1608088,0;140423,97;4000000,0;2532335,97;0,10417721675894089
645;13562927,53;1605392,0;140375,98;4000000,0;2534983,98;0,11836618579941642
646;14727101,1;1608088,0;140423,97;4000000,0;2532335,97;0,10919243299008792
647;13154980,75;1608088,0;140423,97;4000000,0;2532335,97;0,12224176002690083
648;12806924,940000001;1605392,0;140375,98;4000000,0;2534983,98;0,12535343242200653
649;15936691,31;1618872,0;140615,92;4000000,0;2521743,92;0,1015814367304828
650;13337142,86;1702343,5;142101,71;4000000,0;2439758,21;0,12763929410290503
651;12557076,010000002;1600000,0;140280,0;4000000,0;2540280,0;0,12741819821157552
652;14332712,010000002;1610784,0;140471,96;4000000,0;2529687,96;0,11238515075696409
653;15001428,41;1741850,0;142804,93;4000000,0;2400954,93;0,11611227627089679
654;17180718,4;1796599,0;143779,46;4000000,0;2347180,46;0,1045706563702249
655;14756208,07;1616176,0;140567,93;4000000,0;2524391,93;0,10952515662108037
656;14375846,339999998;1752613,1;142996,51;4000000,0;2390383,4099999997;0,12191373353257477
657;13072398,169999998;1608088,0;140423,97;4000000,0;2532335,97;0,12301400088091106
658;13526447,58;1613480,0;140519,94;4000000,0;2527039,94;0,11928335140895878
659;14756307,86;1610784,0;140471,96;4000000,0;2529687,96;0,10915901289687514
660;26970498,9;10610784,0;326380,0;4000000,0;-6284404,0;0,39342186584468414
661;13867787,32;1608088,0;140423,97;4000000,0;2532335,97;0,11595851327203653
662;11795124,600000001;1600000,0;140280,0;4000000,0;2540280,0;0,1356492664774393
663;13617897,259999998;1616176,0;140567,93;4000000,0;2524391,93;0,1186802902932167
664;14679647,92;1605392,0;140375,98;4000000,0;2534983,98;0,1093617509594876
665;13644653,27;1608088,0;140423,97;4000000,0;2532335,97;0,11785480863303754
666;15317350,9;1610784,0;140471,96;4000000,0;2529687,96;0,10516074290626846
667;15348153,94;1626939,1;140759,52;4000000,0;2513820,42;0,10600226622433787
668;13377092,77;1613480,0;140519,94;4000000,0;2527039,94;0,1206151461862068
669;15251854,280000001;1605392,0;140375,98;4000000,0;2534983,98;0,10525880791460065
670;13718920,18;1608088,0;140423,97;4000000,0;2532335,97;0,11721680561596504
671;12933778,46;1723274,21;142474,28;4000000,0;2419200,07;0,13323826562589813
672;13399448,7;1629635,1;140807,5;4000000,0;2511172,4;0,12161956334815478
673;15026282,479999999;1610784,0;140471,96;4000000,0;2529687,96;0,10719777178047568
674;11008149,59;1600000,0;140280,0;4000000,0;2540280,0;0,14534686206058361
675;16598212,63;1705039,5;142149,7;4000000,0;2437110,2;0,1027242835122061
676;17919012,65;1741850,0;142804,93;4000000,0;2400954,93;0,09720680676008117
677;13504762,379999999;1605392,0;140375,98;4000000,0;2534983,98;0,11887599017495636
678;13062954,950000003;1702343,5;142101,71;4000000,0;2439758,21;0,13031840854660526
679;15141848,11;1862132,0;144945,95;4000000,0;2282813,95;0,12297917575663755
680;14525398,170000002;1610784,0;140471,96;4000000,0;2529687,96;0,11089430948108735
681;14656868,419999998;1605392,0;140375,98;4000000,0;2534983,98;0,10953171946398631
682;14356914,58;1602696,0;140327,99;4000000,0;2537631,99;0,11163234210731092
683;14421975,33;1613480,0;140519,94;4000000,0;2527039,94;0,11187649147088091
684;11922953,9;1733762,0;142660,96;4000000,0;2408898,96;0,1454137971631342
685;16266291,08;1610784,0;140471,96;4000000,0;2529687,96;0,09902589300031141
686;17144634,659999996;1618872,0;140615,92;4000000,0;2521743,92;0,09442440927463895
687;14983859,52;1702343,5;142101,71;4000000,0;2439758,21;0,11361181661692461
688;14589831,479999999;1699647,5;142053,73;4000000,0;2442406,23;0,1164953483067921
689;12634576,07;1605392,0;140375,98;4000000,0;2534983,98;0,1270633847234417
690;14964050,93;1867524,0;145041,93;4000000,0;2277517,93;0,12480069793507446
691;17345785,79;6105392,0;308675,98;4000000,0;-1796716,0199999996;0,35198128663158135
692;13501871,57;1613480,0;140519,94;4000000,0;2527039,94;0,11950047011149284
693;12390116,120000001;1608088,0;140423,97;4000000,0;2532335,97;0,12978796844399548
694;13940408,14;1731066,0;142612,97;4000000,0;2411546,97;0,12417613477420038
695;15681981,23;1610784,0;140471,96;4000000,0;2529687,96;0,10271559290726176
696;17186713,509999998;6102696,0;308627,99;4000000,0;-1794068,0099999998;0,355082197445671
697;13245245,69;1626939,1;140759,52;4000000,0;2513820,42;0,12283193064726006
698;15168302,83;1702343,5;142101,71;4000000,0;2439758,21;0,11223032128769808
699;17513452,700000003;1710431,5;142245,68;4000000,0;2431814,18;0,0976638661318907
700;14520565,209999999;1705039,5;142149,7;4000000,0;2437110,2;0,11742239198965727
701;14601230,680000002;1731066,0;142612,97;4000000,0;2411546,97;0,11855617091038245
702;12742277,34;1608088,0;140423,97;4000000,0;2532335,97;0,12620098881005834
703;13760189,54;1608088,0;140423,97;4000000,0;2532335,97;0,11686525068026063
704;14093807,200000001;1736458,0;142708,95;4000000,0;2406250,95;0,12320716293039682
705;15468213,09;1602696,0;140327,99;4000000,0;2537631,99;0,10361222661434127
706;12217668,129999999;1702343,5;142101,71;4000000,0;2439758,21;0,13933456711104822
707;15489182,34;1613480,0;140519,94;4000000,0;2527039,94;0,10416818425807234
708;12566330,67;1605392,0;140375,98;4000000,0;2534983,98;0,12775344228626764
709;14025538,93;1610784,0;140471,96;4000000,0;2529687,96;0,11484649595564596
710;13525848,12;1602696,0;140327,99;4000000,0;2537631,99;0,11849134973134684
711;12098576,96;1605392,0;140375,98;4000000,0;2534983,98;0,13269263032402118
712;14700532,999999996;1602696,0;140327,99;4000000,0;2537631,99;0,10902298576521004
713;14058764,77;1613480,0;140519,94;4000000,0;2527039,94;0,11476683950520356
714;12070313,68;1608088,0;140423,97;4000000,0;2532335,97;0,1332266950663042
715;15604614,350000001;1741850,0;142804,93;4000000,0;2400954,93;0,1116240338230467
716;13646478,55;1602696,0;140327,99;4000000,0;2537631,99;0,11744392475522558
717;13241161,370000001;1602696,0;140327,99;4000000,0;2537631,99;0,12103892968415654
718;13725803,09;1610784,0;140471,96;4000000,0;2529687,96;0,1173544447226949
719;12353771,3;1613480,0;140519,94;4000000,0;2527039,94;0,13060627081545534
720;16728807,810000002;1616176,0;140567,93;4000000,0;2524391,93;0,09661035133859905
721;12598944,95;1605392,0;140375,98;4000000,0;2534983,98;0,1274227331233795
722;12125599,39;1605392,0;140375,98;4000000,0;2534983,98;0,13239691897820483
723;11460622,18;1610784,0;140471,96;4000000,0;2529687,96;0,14054943743028095
724;15570878,7;1610784,0;140471,96;4000000,0;2529687,96;0,10344849709734108
725;21736122,75;6108088,0;308723,97;4000000,0;-1799364,0300000003;0,2810109268452673
726;12465511,13;1610784,0;140471,96;4000000,0;2529687,96;0,12921925007338225
727;16172200,86;1613480,0;140519,94;4000000,0;2527039,94;0,09976873364161272
728;11900768,46;1602696,0;140327,99;4000000,0;2537631,99;0,13467163951528555
729;15040984,73;1610784,0;140471,96;4000000,0;2529687,96;0,10709298818628613
730;22280906,09;6427665,0;314412,44;4000000,0;-2113252,5599999996;0,28848310629902213
731;13829991,39;1610784,0;140471,96;4000000,0;2529687,96;0,11647035450540508
732;12955812,350000001;1613480,0;140519,94;4000000,0;2527039,94;0,12453715416771993
733;13651040,599999998;1728666,21;142570,26;4000000,0;2413904,05;0,126632559425543
734;15406940,71;1605392,0;140375,98;4000000,0;2534983,98;0,104199271628144
735;13126061,78;1608088,0;140423,97;4000000,0;2532335,97;0,12251107963320892
736;12769023,46;1600000,0;140280,0;4000000,0;2540280,0;0,12530323912491267
737;16366531,219999999;1610784,0;140471,96;4000000,0;2529687,96;0,0984193888336957
738;15168655,16;1696951,5;142005,74;4000000,0;2445054,24;0,11187224457939354
739;14532794,790000003;1600000,0;140280,0;4000000,0;2540280,0;0,11009582280078418
740;12954372,04;1602696,0;140327,99;4000000,0;2537631,99;0,12371854035465853
741;14505134,5;1608088,0;140423,97;4000000,0;2532335,97;0,11086336359032038
742;15861090,029999997;1702343,5;142101,71;4000000,0;2439758,21;0,10732827925320088
743;13075879,95;1699647,5;142053,73;4000000,0;2442406,23;0,12998341270332633
744;15604159,719999999;1713127,5;142293,67;4000000,0;2429166,17;0,10978659093089571
745;14096043,28;1736458,0;142708,95;4000000,0;2406250,95;0,12318761836264737
746;16193363,499999996;1799295,0;143827,45;4000000,0;2344532,45;0,11111311124461576
747;9621750,280000001;1600000,0;140280,0;4000000,0;2540280,0;0,16628991123639927
748;12517118,149999999;1608088,0;140423,97;4000000,0;2532335,97;0,12847110498833153
749;14518075,910000002;1608088,0;140423,97;4000000,0;2532335,97;0,11076454000990271
750;15140001,629999999;1608088,0;140423,97;4000000,0;2532335,97;0,10621451960834433
751;16493358,139999999;1618872,0;140615,92;4000000,0;2521743,92;0,09815296474244875
752;13221267,810000002;1610784,0;140471,96;4000000,0;2529687,96;0,12183279418798791
753;11417664,12;1605392,0;140375,98;4000000,0;2534983,98;0,14060599288324485
754;13321868,04;1602696,0;140327,99;4000000,0;2537631,99;0,12030565046792042
755;9800188,27;1605392,0;140375,98;4000000,0;2534983,98;0,1638123631679986
756;14195325,669999998;1602696,0;140327,99;4000000,0;2537631,99;0,11290308072234599
757;14100259,55;1608088,0;140423,97;4000000,0;2532335,97;0,11404669497732756
758;12491682,309999999;1605392,0;140375,98;4000000,0;2534983,98;0,12851687708346787
759;13728614,18;1702343,5;142101,71;4000000,0;2439758,21;0,12399966068534385
760;19255721,71;1618872,0;140615,92;4000000,0;2521743,92;0,08407225781411648
761;16017791,04;1836105,5;144482,68;4000000,0;2308377,18;0,11462913303181661
762;16755896,23;1707735,5;142197,69;4000000,0;2434462,19;0,10191848150398816
763;14834504,180000002;1608088,0;140423,97;4000000,0;2532335,97;0,1084018704290796
764;15052616,089999998;1605392,0;140375,98;4000000,0;2534983,98;0,10665202582735904
765;14843448,69;1608088,0;140423,97;4000000,0;2532335,97;0,10833654857333562
766;15242880,760000002;1602696,0;140327,99;4000000,0;2537631,99;0,1051439045699128
767;13239617,190000001;1608088,0;140423,97;4000000,0;2532335,97;0,12146030938225336
768;14434964,809999999;1917177,21;145925,75;4000000,0;2228748,54;0,1328148170248293
769;15353295,239999998;1605392,0;140375,98;4000000,0;2534983,98;0,10456335105296914
770;13424243,0;1699647,5;142053,73;4000000,0;2442406,23;0,12661030495350836
771;16567697,14;1608088,0;140423,97;4000000,0;2532335,97;0,09706164872591339
772;15263082,61;1610784,0;140471,96;4000000,0;2529687,96;0,10553464468210724
773;14614353,41;1608088,0;140423,97;4000000,0;2532335,97;0,11003483731956637
774;14359344,240000002;1610784,0;140471,96;4000000,0;2529687,96;0,11217671037601643
775;15741601,649999999;1702343,5;142101,71;4000000,0;2439758,21;0,10814296650684209
776;12891377,77;1600000,0;140280,0;4000000,0;2540280,0;0,12411396427489844
777;16405321,39;1613480,0;140519,94;4000000,0;2527039,94;0,09835101438387608
778;14796155,259999998;1602696,0;140327,99;4000000,0;2537631,99;0,10831840919733632
779;13594182,54;1613480,0;140519,94;4000000,0;2527039,94;0,11868900503965132
780;16500874,449999997;1632331,1;140855,49;4000000,0;2508524,39;0,09892391490803691
781;22370693,85;6307383,0;312271,42;4000000,0;-1995111,58;0,28194847429821673
782;11568089,93;1608088,0;140423,97;4000000,0;2532335,97;0,13901067589643124
783;11190974,369999997;1602696,0;140327,99;4000000,0;2537631,99;0,14321326696059625
784;13916032,809999999;1608088,0;140423,97;4000000,0;2532335,97;0,11555649673694612
785;15641494,21;1731362,21;142618,25;4000000,0;2411256,04;0,11069033346527063
786;15637681,870000001;1733762,0;142660,96;4000000,0;2408898,96;0,11087078087488934
787;13119761,479999999;1600000,0;140280,0;4000000,0;2540280,0;0,12195343661080035
788;13096843,369999997;1707735,5;142197,69;4000000,0;2434462,19;0,13039290856236302
789;17352459,169999998;1613480,0;140519,94;4000000,0;2527039,94;0,09298278613958555
790;15450313,2;1605392,0;140375,98;4000000,0;2534983,98;0,1039067609321991
791;19638560,11;6102696,0;308627,99;4000000,0;-1794068,0099999998;0,31075068466412126
792;11810152,829999998;1602696,0;140327,99;4000000,0;2537631,99;0,13570493312574688
793;12458294,16;1696951,5;142005,74;4000000,0;2445054,24;0,1362105821396017
794;12148604,18;1608088,0;140423,97;4000000,0;2532335,97;0,1323681285663552
795;13960549,26;1602696,0;140327,99;4000000,0;2537631,99;0,11480178681737627
796;16056096,32;1610784,0;140471,96;4000000,0;2529687,96;0,10032226812152059
797;14698091,67;1610784,0;140471,96;4000000,0;2529687,96;0,10959136982984949
798;11904364,850000001;1731066,0;142612,97;4000000,0;2411546,97;0,1454143939481156
799;14443831,850000001;1602696,0;140327,99;4000000,0;2537631,99;0,11096058280407078
800;11297677,27;1733762,0;142660,96;4000000,0;2408898,96;0,15346180976543333
801;15309835,560000002;1705039,5;142149,7;4000000,0;2437110,2;0,11136889702817943
802;12578949,57;1602696,0;140327,99;4000000,0;2537631,99;0,12741095677991496
803;15021609,310000002;1733762,0;142660,96;4000000,0;2408898,96;0,1154178599789452
804;10601986,51;1600000,0;140280,0;4000000,0;2540280,0;0,15091511373749145
805;14499722,09;1610784,0;140471,96;4000000,0;2529687,96;0,11109068091111256
806;13547481,440000001;1602696,0;140327,99;4000000,0;2537631,99;0,11830213660731909
807;12010939,649999999;1600000,0;140280,0;4000000,0;2540280,0;0,1332118923767967
808;14917894,1;1605392,0;140375,98;4000000,0;2534983,98;0,10761518946564985
809;11763212,18;1605392,0;140375,98;4000000,0;2534983,98;0,13647564758965353
810;13523411,29;1610784,0;140471,96;4000000,0;2529687,96;0,1191107750446892
811;12734211,85;1702343,5;142101,71;4000000,0;2439758,21;0,13368267467609313
812;14223278,65;1830713,5;144386,7;4000000,0;2313673,2;0,12871248219551684
813;14559157,73;1707735,5;142197,69;4000000,0;2434462,19;0,11729631148106258
814;12471282,370000001;1733762,0;142660,96;4000000,0;2408898,96;0,13902034679052816
815;13150348,71;1723274,21;142474,28;4000000,0;2419200,07;0,1310439934333878
816;13212199,219999999;1602696,0;140327,99;4000000,0;2537631,99;0,12130425626446163
817;16033834,18;1713127,5;142293,67;4000000,0;2429166,17;0,10684453143072233
818;17257589,490000002;1608088,0;140423,97;4000000,0;2532335,97;0,09318149565046814
819;14338047,360000001;1608088,0;140423,97;4000000,0;2532335,97;0,11215529978553508
820;12433659,809999999;1605392,0;140375,98;4000000,0;2534983,98;0,1291166096332179
821;13545265,05;1600000,0;140280,0;4000000,0;2540280,0;0,1181224578547468
822;13202440,580000002;1608088,0;140423,97;4000000,0;2532335,97;0,12180232815711713
823;16088044,29;1707735,5;142197,69;4000000,0;2434462,19;0,10614935347122917
824;16174184,57;1613480,0;140519,94;4000000,0;2527039,94;0,09975649733790568
825;18485998,15;6105392,0;308675,98;4000000,0;-1796716,0199999996;0,33027115714603705
826;14872267,459999999;1610784,0;140471,96;4000000,0;2529687,96;0,10830789617873104
827;15687896,240000002;1736458,0;142708,95;4000000,0;2406250,95;0,11068775401334499
828;15692406,57;1731362,21;142618,25;4000000,0;2411256,04;0,1103312103390143
829;16750853,79;1699647,5;142053,73;4000000,0;2442406,23;0,10146632054150358
830;15475999,8;1605392,0;140375,98;4000000,0;2534983,98;0,10373429960886921
831;14073110,68;1608088,0;140423,97;4000000,0;2532335,97;0,1142667059589984
832;13307892,91;1608088,0;140423,97;4000000,0;2532335,97;0,12083716114003505
833;15815525,779999997;1864828,0;144993,94;4000000,0;2280165,94;0,1179112238151592
834;16947192,75;1621568,0;140663,91;4000000,0;2519095,91;0,09568357567656743
835;13594530,29;1739154,0;142756,94;4000000,0;2403602,94;0,12793042222865944
836;14233150,57;1741850,0;142804,93;4000000,0;2400954,93;0,12237979156009167
837;14527613,36;1610784,0;140471,96;4000000,0;2529687,96;0,11087740016781394
838;12075427,64;1616176,0;140567,93;4000000,0;2524391,93;0,13384006332383602
839;12956739,219999999;1608088,0;140423,97;4000000,0;2532335,97;0,1241120912210503
840;13176548,79;1608088,0;140423,97;4000000,0;2532335,97;0,12204166854528833
841;15808998,310000002;1736458,0;142708,95;4000000,0;2406250,95;0,1098398498089282
842;12527006,11;1605392,0;140375,98;4000000,0;2534983,98;0,12815448367335394
843;11640083,86;1605392,0;140375,98;4000000,0;2534983,98;0,1379192812791299
844;11010300,059999999;1605392,0;140375,98;4000000,0;2534983,98;0,1458081969838704
845;14507677,59;1733762,0;142660,96;4000000,0;2408898,96;0,11950651572206603
846;13420443,41;1610784,0;140471,96;4000000,0;2529687,96;0,12002464827650579
847;13121058,93;1702343,5;142101,71;4000000,0;2439758,21;0,12974131959027793
848;12997784,14;1605392,0;140375,98;4000000,0;2534983,98;0,12351274515011294
849;12747005,510000002;1602696,0;140327,99;4000000,0;2537631,99;0,12573117652947494
850;13065325,009999998;1608088,0;140423,97;4000000,0;2532335,97;0,12308059682933217
851;14005685,969999999;1610784,0;140471,96;4000000,0;2529687,96;0,11500929004479173
852;14130460,67;1610784,0;140471,96;4000000,0;2529687,96;0,11399373577535317
853;12968544,830000002;1602696,0;140327,99;4000000,0;2537631,99;0,12358333344327883
854;13619254,25;1602696,0;140327,99;4000000,0;2537631,99;0,11767869007952472
855;13131937,379999999;1605392,0;140375,98;4000000,0;2534983,98;0,12225096370357502
856;14856642,919999998;1699647,5;142053,73;4000000,0;2442406,23;0,11440320058523694
857;14012749,68;1605392,0;140375,98;4000000,0;2534983,98;0,11456652239291268
858;12224462,21;1600000,0;140280,0;4000000,0;2540280,0;0,130885103370122
859;10919210,23;1733762,0;142660,96;4000000,0;2408898,96;0,1587808974715564
860;17607039,240000002;1605392,0;140375,98;4000000,0;2534983,98;0,09117898688797378
861;15466762,01;1702343,5;142101,71;4000000,0;2439758,21;0,11006463401320546
862;13790519,19;1733762,0;142660,96;4000000,0;2408898,96;0,12572129998247006
863;11058434,34;1605392,0;140375,98;4000000,0;2534983,98;0,1451735345746964
864;11707226,610000001;1605392,0;140375,98;4000000,0;2534983,98;0,1371282929322233
865;12898074,3;1608088,0;140423,97;4000000,0;2532335,97;0,12467659610241197
866;11915883,29;1608088,0;140423,97;4000000,0;2532335,97;0,13495331910052638
867;16594931,509999998;1610784,0;140471,96;4000000,0;2529687,96;0,09706481759381484
868;15224662,91;1799295,0;143827,45;4000000,0;2344532,45;0,11818291220215922
869;15750566,74;1705039,5;142149,7;4000000,0;2437110,2;0,10825258088459108
870;14511849,82;1707735,5;142197,69;4000000,0;2434462,19;0,11767869163353842
871;11363826,400000002;1608088,0;140423,97;4000000,0;2532335,97;0,14150937751037798
872;12972615,15;1608088,0;140423,97;4000000,0;2532335,97;0,1239602024268792
873;9579024,83;1600000,0;140280,0;4000000,0;2540280,0;0,16703161630702235
874;16281697,440000001;1608088,0;140423,97;4000000,0;2532335,97;0,09876660624151727
875;15137129,66;1608088,0;140423,97;4000000,0;2532335,97;0,10623467170591706
876;15395820,690000001;1610784,0;140471,96;4000000,0;2529687,96;0,1046247570969859
877;13744624,379999999;1608088,0;140423,97;4000000,0;2532335,97;0,11699759524457809
878;13605557,989999998;1731066,0;142612,97;4000000,0;2411546,97;0,12723226796521855
879;11297330,39;1605392,0;140375,98;4000000,0;2534983,98;0,14210366029668714
880;12138945,5;1600000,0;140280,0;4000000,0;2540280,0;0,13180716562241754
881;12421355,479999999;1608088,0;140423,97;4000000,0;2532335,97;0,12946155535031836
882;12846275,309999999;1605392,0;140375,98;4000000,0;2534983,98;0,12496945311068537
883;12124911,920000002;1725970,21;142522,27;4000000,0;2416552,06;0,1423490926274704
884;15164201,120000001;1744546,0;142852,92;4000000,0;2398306,92;0,11504371289952925
885;12700498,219999999;1600000,0;140280,0;4000000,0;2540280,0;0,12597930981009972
886;15111540,68;1605392,0;140375,98;4000000,0;2534983,98;0,1062361564578735
887;15570670,709999999;1705039,5;142149,7;4000000,0;2437110,2;0,10950327906587655
888;17052115,66;1710431,5;142245,68;4000000,0;2431814,18;0,10030611650214434
889;14153664,64;1608088,0;140423,97;4000000,0;2532335,97;0,11361637009932715
890;16631602,23;1602696,0;140327,99;4000000,0;2537631,99;0,09636449801024372
891;13148904,129999999;1605392,0;140375,98;4000000,0;2534983,98;0,12209321660024912
892;12658649,490000002;1705039,5;142149,7;4000000,0;2437110,2;0,13469363389411612
893;14137216,089999996;1608088,0;140423,97;4000000,0;2532335,97;0,11374856193486962
894;15380802,059999999;1618872,0;140615,92;4000000,0;2521743,92;0,10525276859326542
895;15313965,850000001;1927665,0;146112,44;4000000,0;2218447,44;0,12587627652310585
896;13944192,3;1605392,0;140375,98;4000000,0;2534983,98;0,11512979493261864
897;12644100,299999999;1873191,31;145142,81;4000000,0;2271951,5;0,14814745735606039
898;13173421,309999999;1602696,0;140327,99;4000000,0;2537631,99;0,12166133324707279
899;14616013,39;1613480,0;140519,94;4000000,0;2527039,94;0,11039125081151831
900;15605445,459999999;1629635,1;140807,5;4000000,0;2511172,4;0,10442733622549216
901;12878246,6;1610784,0;140471,96;4000000,0;2529687,96;0,1250778968621396
902;10135319,989999998;1605392,0;140375,98;4000000,0;2534983,98;0,1583957883504377
903;16060346,82;1608088,0;140423,97;4000000,0;2532335,97;0,10012785016556697
904;14037076,34;1608088,0;140423,97;4000000,0;2532335,97;0,1145600380769889
905;11822555,71;1602696,0;140327,99;4000000,0;2537631,99;0,1355625669536388
906;16073453,080000002;1825617,71;144296,0;4000000,0;2318678,29;0,1135796832773658
907;12719571,11;1720578,21;142426,29;4000000,0;2421848,08;0,13527014355439224
908;13958728,4;1610784,0;140471,96;4000000,0;2529687,96;0,11539618465533007
909;15534256,690000001;1610784,0;140471,96;4000000,0;2529687,96;0,10369237692827128
910;16135516,85;1733762,0;142660,96;4000000,0;2408898,96;0,1074500442791828
911;14870469,93;1610784,0;140471,96;4000000,0;2529687,96;0,10832098834686928
912;14014309,260000002;1605392,0;140375,98;4000000,0;2534983,98;0,11455377287713714
913;11908328,36;1733762,0;142660,96;4000000,0;2408898,96;0,14559239110534572
914;14917875,849999998;1605392,0;140375,98;4000000,0;2534983,98;0,10761532111825427
915;11117310,91;1600000,0;140280,0;4000000,0;2540280,0;0,14391969541490496
916;12591864,309999999;1605392,0;140375,98;4000000,0;2534983,98;0,12749438530123425
917;10823119,459999999;1602696,0;140327,99;4000000,0;2537631,99;0,14808078261754676
918;13096278,489999998;1610784,0;140471,96;4000000,0;2529687,96;0,12299555184550753
919;14922055,969999999;1608088,0;140423,97;4000000,0;2532335,97;0,10776584696056465
920;13627574,569999998;1624243,1;140711,53;4000000,0;2516468,4299999997;0,11918798107886636
921;11775249,97;1600000,0;140280,0;4000000,0;2540280,0;0,1358782194922695
922;14258187,02;1605392,0;140375,98;4000000,0;2534983,98;0,1125943991159684
923;13833678,16;1605392,0;140375,98;4000000,0;2534983,98;0,11604954094146715
924;18907375,23;1621568,0;140663,91;4000000,0;2519095,91;0,08576378160767056
925;15734511,51;1613480,0;140519,94;4000000,0;2527039,94;0,10254401599786303
926;15182279,7;1613480,0;140519,94;4000000,0;2527039,94;0,10627389508572946
927;14509878,54;1828313,71;144343,98;4000000,0;2316030,27;0,12600475634305344
928;10689184,59;1602696,0;140327,99;4000000,0;2537631,99;0,1499362263328638
929;10325938,22;1602696,0;140327,99;4000000,0;2537631,99;0,15521069038509122
930;11967161,73;1602696,0;140327,99;4000000,0;2537631,99;0,13392448737299717
931;15711835,690000001;1610784,0;140471,96;4000000,0;2529687,96;0,10252042038761926
932;11005085,84;1702343,5;142101,71;4000000,0;2439758,21;0,1546869806151371
933;15382541,81;1610784,0;140471,96;4000000,0;2529687,96;0,10471507374371959
934;13217075,93;1608088,0;140423,97;4000000,0;2532335,97;0,12166745568510932
935;18269606,959999997;1705039,5;142149,7;4000000,0;2437110,2;0,09332655616144685
936;13847732,71;1616176,0;140567,93;4000000,0;2524391,93;0,11671051383255648
937;16894653,51;1613480,0;140519,94;4000000,0;2527039,94;0,0955024025230808
938;9763515,649999999;1602696,0;140327,99;4000000,0;2537631,99;0,1641515267095414
939;15335654,650000002;1616176,0;140567,93;4000000,0;2524391,93;0,10538682807388335
940;20220092,490000002;6108088,0;308723,97;4000000,0;-1799364,0300000003;0,30208012169186665
941;14234793,530000001;1610784,0;140471,96;4000000,0;2529687,96;0,11315822717099852
942;13177994,729999999;1624243,1;140711,53;4000000,0;2516468,4299999997;0,12325419255953825
943;11145910,64;1725970,21;142522,27;4000000,0;2416552,06;0,1548523279745225
944;15234722,43;1702343,5;142101,71;4000000,0;2439758,21;0,1117410250053371
945;13528077,68;1741850,0;142804,93;4000000,0;2400954,93;0,12875813114047702
946;13697327,31;1702343,5;142101,71;4000000,0;2439758,21;0,12428289559505314
947;13618739,21;1602696,0;140327,99;4000000,0;2537631,99;0,11768314050856987
948;16037344,620000001;1616176,0;140567,93;4000000,0;2524391,93;0,1007757854117872
949;14943912,76;1733762,0;142660,96;4000000,0;2408898,96;0,11601794174285585
950;19399849,2;1602696,0;140327,99;4000000,0;2537631,99;0,08261383804983391
951;19088424,38;1608088,0;140423,97;4000000,0;2532335,97;0,08424414545628413
952;11910463,68;1610784,0;140471,96;4000000,0;2529687,96;0,13524108240259544
953;12354299,030000001;1705039,5;142149,7;4000000,0;2437110,2;0,1380118366780377
954;13668878,37;1608088,0;140423,97;4000000,0;2532335,97;0,11764593673826071
955;14238347,77;1699647,5;142053,73;4000000,0;2442406,23;0,11937111857747523
956;14200834,580000002;1605392,0;140375,98;4000000,0;2534983,98;0,11304913038427913
957;16841960,0;1602696,0;140327,99;4000000,0;2537631,99;0,09516089576272595
958;12501730,99;1602696,0;140327,99;4000000,0;2537631,99;0,12819792725359228
959;14120458,84;1613480,0;140519,94;4000000,0;2527039,94;0,11426540867279636
960;15016770,8;1610784,0;140471,96;4000000,0;2529687,96;0,10726567125869697
961;14249970,989999998;1610784,0;140471,96;4000000,0;2529687,96;0,11303770380517808
962;16229181,56;1744546,0;142852,92;4000000,0;2398306,92;0,10749439172581417
963;15269098,95;1610784,0;140471,96;4000000,0;2529687,96;0,10549306185483853
964;13535475,09;1707735,5;142197,69;4000000,0;2434462,19;0,12616738523361282
965;15118536,2;1605392,0;140375,98;4000000,0;2534983,98;0,10618699977052011
966;14277397,08;1610784,0;140471,96;4000000,0;2529687,96;0,11282056462913757
967;12459194,690000001;1605392,0;140375,98;4000000,0;2534983,98;0,12885198762392883
968;13000686,389999999;1705039,5;142149,7;4000000,0;2437110,2;0,1311499599983813
969;11255800,530000001;1602696,0;140327,99;4000000,0;2537631,99;0,14238845080173074
970;15276007,790000001;1608088,0;140423,97;4000000,0;2532335,97;0,10526886488318556
971;13924445,2;1728666,21;142570,26;4000000,0;2413904,05;0,12414614623209548
972;13685368,879999999;1605392,0;140375,98;4000000,0;2534983,98;0,11730717776604062
973;13874210,09;1699647,5;142053,73;4000000,0;2442406,23;0,12250409133021857
974;14198224,87;1733762,0;142660,96;4000000,0;2408898,96;0,12211118050844057
975;12858399,32;1600000,0;140280,0;4000000,0;2540280,0;0,12443228431328573
976;16544462,48;1739154,0;142756,94;4000000,0;2403602,94;0,10512000629228058
977;14893113,530000001;1605392,0;140375,98;4000000,0;2534983,98;0,107794249789755
978;12444514,270000001;1610784,0;140471,96;4000000,0;2529687,96;0,12943727372976846
979;16395374,0;1616176,0;140567,93;4000000,0;2524391,93;0,09857512247052126
980;13579299,77;1602696,0;140327,99;4000000,0;2537631,99;0,11802493701043025
981;14167768,35;1610784,0;140471,96;4000000,0;2529687,96;0,11369355852010384
982;15877841,09;1608088,0;140423,97;4000000,0;2532335,97;0,10127875640554103
983;14521308,74;1828017,5;144338,71;4000000,0;2316321,21;0,1258851755533985
984;16129527,970000003;1731362,21;142618,25;4000000,0;2411256,04;0,10734115798182281
985;21487784,419999998;6102696,0;308627,99;4000000,0;-1794068,0099999998;0,28400768923946607
986;14024602,07;1613480,0;140519,94;4000000,0;2527039,94;0,11504640145558155
987;16658471,08;1613480,0;140519,94;4000000,0;2527039,94;0,09685642771485364
988;15293144,36;1610784,0;140471,96;4000000,0;2529687,96;0,10532719511973535
989;13145706,610000001;1610784,0;140471,96;4000000,0;2529687,96;0,1225330861084842
990;12257459,43;1699647,5;142053,73;4000000,0;2442406,23;0,13866229863589277
991;12643724,99;1610784,0;140471,96;4000000,0;2529687,96;0,12739789905854318
992;14338961,669999998;1608088,0;140423,97;4000000,0;2532335,97;0,11214814831149487
993;19350323,1;6301991,0;312175,44;4000000,0;-1989815,5599999996;0,32567885132626023
994;11327993,85;1608088,0;140423,97;4000000,0;2532335,97;0,14195699797276992
995;19535891,41;1807383,0;143971,42;4000000,0;2336588,42;0,09251602407427591
996;14428928,430000003;1605392,0;140375,98;4000000,0;2534983,98;0,11126203915892593
997;12449215,53;1605392,0;140375,98;4000000,0;2534983,98;0,12895527401958315
998;14504211,729999997;1608088,0;140423,97;4000000,0;2532335,97;0,11087041680961454
999;13775794,930000002;1626939,1;140759,52;4000000,0;2513820,42;0,1181012862246491
1000;14518956,539999997;1605392,0;140375,98;4000000,0;2534983,98;0,11057213344341345
